pathway	description	IfmP01	IfmP02	IfmP03	IfmP07	IfmP10	IfmP11	IfmP12	IfmP13	IfmP14	IfmP15	IfmP16	IfmP19	IfmP20	IfmP22	IfmP23	IfmP24	IfmP25	IfmP30	IfmP31	IfmP33	IfmP34	IfmP35	IfmP36	IfmP38
ko00010	B_Glycolysis _ Gluconeogenesis	558467.5679999999	592157.50225	427750.4260000001	267410.74225	319875.39275	168245.81325000004	68644.35824999999	348439.02975	234919.43825000004	204005.24250000005	205665.715	240405.7267500001	172476.80550000005	282979.78325000004	237935.95650000003	250833.853	272273.199	137527.81075	231889.13075	1216078.26675	229684.00425	339600.5897499999	53273.72224999999	1825814.71225
ko00020	B_Citrate cycle (TCA cycle)	242925.3155555556	350672.875925926	176891.05925925926	139124.97481481484	220377.18148148147	94608.02666666666	35508.5637037037	157101.74074074073	105003.85185185184	103004.06666666668	99425.21962962965	128779.3162962963	86478.42111111109	146575.18814814815	119166.69555555556	131163.61037037036	211053.92481481488	74764.88666666666	107802.68148148149	798260.9329629631	140959.81333333332	165045.3688888889	38474.890370370376	878290.1814814814
ko00030	B_Pentose phosphate pathway	730614.0913636364	921830.7013636362	579737.1813636365	442378.2395454545	456204.5518181818	220198.2909090909	116446.99454545454	441800.2736363637	326104.23727272724	312864.3677272727	378251.0936363637	377834.055	240499.09136363637	439437.3354545454	396490.5063636364	365903.1986363637	396364.35954545456	173360.99045454545	375648.01	1947523.1131818185	358579.5759090909	485290.1004545455	81936.42318181819	2426623.591363637
ko00040	B_Pentose and glucuronate interconversions	225024.62961538465	360744.7388461538	179690.93346153846	203431.4969230769	167789.73423076922	87017.87461538463	41291.76307692308	147976.89692307694	113396.21692307692	116787.74923076924	169673.02500000002	128483.19730769227	71830.4746153846	155643.42923076922	142195.3430769231	133890.06192307692	158592.67346153845	73271.1103846154	107056.65076923078	819245.821923077	158193.6969230769	192582.3907692308	41542.59423076923	975731.0665384616
ko00051	B_Fructose and mannose metabolism	498560.2015151516	679663.6418181818	420991.2936363637	283674.25363636366	280821.7766666667	142940.12424242427	91642.31545454546	307332.7772727273	234361.07424242425	298060.5409090909	235989.3396969697	243169.58666666664	159879.89575757578	319469.81878787884	264776.97393939394	207140.7512121212	254279.55303030304	123308.37575757572	285340.4760606061	964608.3148484848	204037.08909090905	280854.4184848485	52400.1603030303	1573571.8263636362
ko00052	B_Galactose metabolism	564113.9927586206	596166.0503448276	378107.9048275863	298526.90172413795	268837.654137931	163474.34172413795	85493.36448275861	314888.96827586205	228876.07000000004	196168.7396551724	221765.3848275862	221711.1082758621	162678.1448275862	336222.40172413795	269115.2244827586	248136.7255172414	266007.8389655172	133136.0979310345	217584.95620689652	1374491.941724138	257931.2293103448	349480.6386206896	60150.261724137934	1828783.3896551724
ko00053	B_Ascorbate and aldarate metabolism	64619.61944444444	175698.87444444443	93938.68833333332	70482.40055555555	112168.64055555555	40544.31611111111	13720.098888888888	66205.19388888888	49113.94722222222	56715.06111111111	52676.61055555556	52723.07888888889	28159.96888888889	44153.59444444444	43452.18222222223	41363.15777777778	47563.62722222223	42234.52944444444	67141.36111111111	260784.3088888889	52793.08055555556	65777.18444444444	12308.775555555556	308182.6272222222
ko00061	D_Fatty acid biosynthesis	699813.4915384615	768249.3592307692	456529.5523076923	291606.8907692308	503852.8176923077	205209.4769230769	78037.29461538463	451264.7538461539	293681.14461538463	269862.1261538461	279949.30307692307	308871.54538461537	239151.3307692308	350567.0407692308	302662.88384615385	356540.6015384616	429785.1215384616	184764.67076923075	326620.97846153844	1781830.2999999998	253641.5815384615	458845.0076923077	78169.72615384615	2271230.878461539
ko00071	D_Fatty acid degradation	113607.95	155241.22166666665	117267.385	54604.03125	150510.35416666666	43229.51583333333	21242.847916666666	61829.169583333336	65233.55125	44352.32749999999	40674.12583333333	48425.79916666667	31471.655416666665	71845.37000000001	62496.993333333325	62285.68958333333	69758.77875	42184.92541666667	65573.70791666665	359371.77375	46868.87333333333	99693.63416666666	15315.845416666663	453259.52875000006
ko00072	not_found	134412.77000000002	197831.045	164789.8625	54531.3875	346902.8825	79347.63500000001	40203.535	112631.575	102307.515	93915.455	16666.567499999997	32828.46	42322.0525	104064.4775	104407.4425	87455.94750000001	86998.305	58780.87	120512.485	559060.175	48727.5375	165417.51750000002	21121.35	783651.475
ko00100	D_Steroid biosynthesis	8.000625	230.104375	14.041875	24.125	6365.235624999999	2.6256250000000003	55.575625	3.999375	153.8325	46.66562499999999	5.5	24.125625	3.356875	5.999375	3.874375	7.33875	287.0825	2.0	4.91625	14.333750000000002	947.374375	0.625625	109.708125	67.49937499999999
ko00120	D_Primary bile acid biosynthesis	47721.56888888889	52968.82222222223	66941.62777777779	19224.514444444445	29147.011111111107	24127.544444444444	9388.136666666664	40743.68888888889	32017.206666666665	33125.93555555555	6967.276666666667	17142.61111111111	18264.536666666667	32554.341111111116	28452.645555555555	26809.546666666665	41408.98	23872.416666666668	26676.404444444444	88637.40777777779	16557.53	50526.14444444444	8818.617777777778	276103.8911111111
ko00121	D_Secondary bile acid biosynthesis	429450.12	476703.4	602458.65	173016.63	254591.1	217143.9	84493.23	366665.2	288146.86	298121.42	62665.49	153874.83	164380.83	292981.07	256059.81	241277.92	372670.42	214835.75	240087.64	797716.67	149017.77	454727.3	79359.56	2484863.02
ko00130	I_Ubiquinone and other terpenoid-quinone biosynthesis	36911.5385	89208.2695	52188.86749999999	14412.0755	88469.13700000002	29338.19	8273.8665	35365.338	35787.47749999999	24587.9535	14336.774	30104.0135	14480.809	30452.182	25762.3925	34573.935	64501.13800000001	42042.3075	24130.168	216663.93450000003	18942.2495	54052.749	12237.4985	287552.8105
ko00140	D_Steroid hormone biosynthesis	159.48166666666668	7542.637777777777	4113.75	47.55944444444444	6247.500555555556	2398.778333333333	12.570555555555554	115.77777777777776	88.135	82.83777777777779	21.03	47.83555555555555	410.3372222222222	8.0	12.818333333333335	535.9338888888889	13689.92777777778	1568.8555555555556	65.06833333333333	16.333888888888893	1093.9066666666668	24.851666666666667	2485.281111111111	619.0627777777778
ko00190	C_Oxidative phosphorylation	165698.14834951458	183668.2588349514	95285.22786407768	76158.43766990292	100464.05368932038	38788.653786407776	21261.133980582523	78159.81592233012	54695.62786407765	47856.80611650486	64346.19543689319	61847.33601941746	45271.90941747573	82370.45029126214	66286.06029126214	70677.2403883495	98516.9565048544	38142.72436893202	57074.22708737866	272836.8709708738	69133.12524271844	75204.90834951459	15058.326407766996	414415.8866019418
ko00195	C_Photosynthesis	202627.1715625	237225.3871875	0.0	0.0	127098.0775	58829.4565625	34088.090000000004	0.0	0.0	76839.8184375	81791.90249999998	0.0	69952.9825	142835.09249999997	113396.8109375	110542.2825	0.0	0.0	99701.6825	545050.9325	84974.78406250001	0.0	0.0	668511.3753124999
ko00196	C_Photosynthesis - antenna proteins	18.285714285714285	4.571428571428571	0.0	0.0	2.2857142857142856	9.142857142857142	0.0	0.0	0.0	2.2857142857142856	0.0	0.0	2.2857142857142856	25.142857142857142	2.2857142857142856	25.142857142857142	0.0	0.0	11.428571428571429	9.142857142857142	20.571428571428573	0.0	0.0	27.428571428571427
ko00230	E_Purine metabolism	347236.65302521014	387574.738067227	269544.76983193285	180107.2571428571	222337.17378151248	113948.1098319328	53082.78403361345	213422.918907563	160660.00638655465	134050.3156302521	145536.3587394958	163983.94899159664	112708.20210084028	212899.84512605044	184600.42991596632	180922.0821008404	199029.68773109248	92675.8156302521	159709.0805042017	996340.947815126	159081.2674789916	257463.8650420168	40641.96344537816	1300287.9157142858
ko00240	E_Pyrimidine metabolism	449809.24840000016	487935.1941333335	339730.66733333335	217642.32866666667	290295.3354666665	148038.24986666665	64279.90426666667	276287.4712	205216.91160000005	171170.59413333333	184357.9325333334	201035.04813333333	144553.56599999996	268473.38066666666	232703.07773333325	223192.4845333334	270223.67093333334	106013.91226666664	206647.98026666668	1356649.6094666666	195685.3529333333	336116.6598666668	54155.51253333334	1623282.3222666671
ko00250	F_Alanine, aspartate and glutamate metabolism	684315.5474074074	717645.6055555554	433097.9448148148	351923.10444444447	400690.282962963	178325.6103703704	100911.24407407409	369891.3074074074	274473.6851851852	242917.44777777776	294009.2088888889	285580.16851851845	217725.82925925925	399946.10518518527	333195.50407407404	313669.9022222222	387921.70814814814	145035.18925925926	305669.2111111112	1782682.0081481482	301611.27	448823.8807407406	74547.47962962963	2235553.9003703706
ko00253	J_Tetracycline biosynthesis	0.0	0.0	0.0	0.0	236175.1288888889	0.0	0.0	0.0	0.0	0.0	0.0	0.0	0.0	0.0	0.0	0.0	0.0	0.0	0.0	0.0	0.0	0.0	0.0	0.0
ko00260	F_Glycine, serine and threonine metabolism	392016.0247058824	455261.6476470589	256581.3158823529	205928.57794117648	252695.96647058823	104670.11176470589	60516.41823529411	211914.66264705884	147036.77911764703	156221.87470588236	177699.98882352942	211069.04352941172	122439.81735294116	221973.37882352943	189359.66647058824	179858.16647058824	246936.5661764706	91757.08088235292	168504.0661764706	756236.7979411763	174811.32705882352	214869.0802941176	39064.76264705883	1157497.663529412
ko00270	F_Cysteine and methionine metabolism	545797.5409090909	587194.9596969695	334780.3239393939	285840.6339393939	356333.3918181818	150819.4103030303	80279.23515151514	299637.30666666664	214422.96575757573	219020.67787878792	238612.10090909092	260547.3478787879	172991.44363636363	323070.9657575758	254517.63030303037	244075.09606060607	306471.466060606	116064.3703030303	228939.11575757567	1457499.6878787878	231694.58	343449.8469696969	59923.315757575765	1647402.1836363636
ko00280	F_Valine, leucine and isoleucine degradation	87559.9651724138	143876.67620689658	93771.9751724138	50447.06586206897	198220.02310344827	48876.90103448276	21158.01275862069	61130.60620689656	62461.38137931036	46643.90413793104	37128.42827586207	51176.45310344827	34389.25068965517	71536.23896551724	59705.4348275862	45766.880689655176	77388.91965517242	29259.611379310343	63818.02965517241	504409.2334482759	39698.3675862069	111513.78689655174	18786.624137931038	446973.54551724135
ko00281	not_found	1781.69	13487.985	295.81500000000005	456.20875	60990.69	4533.813749999999	2219.955	428.88625	952.96	2628.7725	386.72625	1082.52125	505.1025	167.61	163.26749999999998	1138.51625	17277.17875	17124.6125	300.57125	158.91875	3674.3225	195.72375	2914.3900000000003	2075.20375
ko00290	F_Valine, leucine and isoleucine biosynthesis	910545.9054545454	998876.9127272726	542576.5590909091	460252.2590909092	509575.0045454546	203893.38909090907	139467.42272727273	465052.96727272734	334736.92727272725	305275.88272727275	394806.0572727272	445114.4318181818	275359.8990909091	517947.1327272728	430942.5690909092	406645.47	509089.44000000006	173079.94454545455	411648.6163636364	1691127.1254545453	416781.7172727272	477039.4963636363	73515.96181818182	2633635.335454545
ko00300	F_Lysine biosynthesis	732472.7354999998	736900.0255000001	442725.558	374626.39	409819.0715	183651.057	110258.072	366654.218	264820.25800000003	279333.7625	324221.3085	322643.53550000006	225961.6595	434713.9630000001	351553.6215	335719.68149999995	384746.884	146456.86599999998	280768.82300000003	1581546.772	288120.12350000005	409765.997	68238.3375	2042770.1045
ko00310	F_Lysine degradation	41916.98740740741	65808.28	34869.822962962964	27558.032962962963	85762.20666666667	17825.154074074075	13923.08925925926	20241.391481481485	28417.724814814814	23105.929259259257	22031.676666666663	14342.255555555555	14519.818888888887	42048.65592592592	36435.21555555555	22654.842962962965	32087.484074074076	16919.230370370373	31438.21222222222	210371.0377777778	21561.112962962965	49033.58074074075	7836.306666666667	186411.9740740741
ko00311	K_Penicillin and cephalosporin biosynthesis	14679.834285714283	15193.714285714286	7031.591428571429	11489.180000000002	14528.90285714286	8770.371428571429	2002.067142857143	24217.437142857143	1592.4014285714288	6875.877142857142	5776.325714285714	11912.44142857143	1553.81	8921.542857142858	3897.065714285714	15894.07857142857	7266.168571428571	4315.2814285714285	2266.9714285714285	1101.077142857143	18025.83857142857	2738.828571428572	603.9714285714286	67230.70428571428
ko00312	not_found	169736.90999999997	149819.6125	44317.72	106831.5675	26894.4875	21680.4975	25029.85	54883.0475	26172.67	49226.68	119537.25	90906.2325	28477.6925	93381.965	74572.6325	110406.485	27386.06	36187.58	27466.7	33652.3375	65908.72	54954.415	1713.25	284533.3225
ko00330	F_Arginine and proline metabolism	272696.18349206354	310246.37761904753	171484.29539682542	144684.296984127	211460.15396825396	82121.91158730161	45161.00714285714	142916.57142857145	121769.66365079363	98762.773015873	130250.84206349208	141438.8215873016	92422.51999999996	186449.93460317457	146000.10317460317	136073.93238095235	160972.92666666664	65254.43396825396	121297.34920634922	1021754.4988888887	124124.35174603177	217421.4904761905	35987.68174603174	991250.612063492
ko00340	F_Histidine metabolism	509028.6515789474	547398.7863157894	274709.3047368421	276805.1221052632	341234.83578947367	114826.06315789477	85804.27	265176.94157894736	192319.35421052636	160890.5052631579	218975.5931578947	248869.93789473685	180297.53052631585	315635.2784210527	247309.56526315783	200726.08526315787	293649.4042105263	85420.36842105263	246127.9531578947	1081941.5084210527	234981.4405263157	296256.8242105263	44216.0	1535563.1305263157
ko00350	F_Tyrosine metabolism	106120.62838709676	104876.94516129034	98020.76096774192	44443.04451612903	75418.34999999999	39570.29483870968	13656.92935483871	78186.00741935485	55765.07967741935	52444.78129032258	37057.67483870968	46906.56451612903	37539.37193548387	59366.19354838709	52103.787419354834	55672.95741935485	62694.65387096775	37393.8393548387	50320.46903225807	348159.03129032254	46796.69129032258	91082.8864516129	14931.349677419354	457959.3293548388
ko00360	F_Phenylalanine metabolism	109423.7853846154	118630.44076923074	59513.21192307693	61986.066153846165	85992.09076923077	31196.90576923077	19209.18115384615	64542.79153846154	44601.352692307686	39235.68846153847	42517.782692307694	58686.68499999999	41161.56692307692	68123.3573076923	54154.075	38601.235	59819.49807692308	32475.67307692307	45668.08730769231	320236.7269230769	62116.895	75079.26807692308	12462.451923076924	388877.9665384615
ko00361	L_Chlorocyclohexane and chlorobenzene degradation	34136.555	51360.024	43641.30099999999	19933.127	30810.794	10397.489	8741.119	28262.588	20275.094	16716.39	8058.157000000001	3682.557	15029.998	28310.522	23234.229	17642.138	15886.554999999998	18396.388	21368.257	27956.34900000001	19320.456	17658.643000000004	2664.899	104502.66999999998
ko00362	L_Benzoate degradation	77870.4852631579	77917.86552631579	64358.04184210526	30762.696842105262	79497.0444736842	27383.47236842105	11734.70947368421	53044.46894736842	35377.82289473684	40706.14473684211	20934.64894736842	23499.369736842105	26463.76421052632	42025.49815789473	36415.15210526316	34717.225	43215.21605263158	25227.088421052627	38144.08289473684	182786.22552631577	32438.03131578947	54097.625	9218.35105263158	281502.6523684211
ko00363	L_Bisphenol degradation	150725.23833333334	0.0	0.0	68678.32333333335	66998.77166666667	26378.58	0.0	89280.085	0.0	0.0	68574.12166666667	60752.30499999999	46275.301666666666	0.0	71160.14	51964.42833333334	80873.25	0.0	0.0	125619.37666666666	0.0	59091.43333333334	17493.454999999998	317942.55
ko00364	L_Fluorobenzoate degradation	677.325	1688.62125	123.14375	144.6	5414.9175	1081.78875	0.0	115.32875	80.25	44.92875	165.35	222.84125	106.44	75.82874999999999	38.42875	448.38	43.1	6537.63625	0.0	37.52	1364.685	52.92125	261.42125	477.61625
ko00380	F_Tryptophan metabolism	54650.33387096775	78622.14258064516	52947.14483870968	31698.950967741934	111601.28387096776	24897.504516129036	14294.741612903226	34742.77258064517	38008.58064516129	24230.77677419355	23438.340645161294	29241.72870967742	20846.32870967742	45489.27838709677	39567.54548387096	30301.82870967742	35724.42967741936	21412.759032258065	39944.88290322581	264045.6141935484	29590.30322580645	64803.92516129032	8667.853870967741	293306.9961290323
ko00400	F_Phenylalanine, tyrosine and tryptophan biosynthesis	470317.4974193548	509398.7361290323	278654.55	228555.650967742	270811.3022580645	116047.99709677415	66614.97741935484	262624.1203225807	178569.1993548387	153524.82290322584	195267.99516129037	194636.2358064516	155251.28451612903	264352.49000000005	207584.29645161296	193185.8267741936	262421.82645161287	101280.11483870966	204805.52354838705	1022195.3525806452	201260.98709677425	279472.9477419354	42412.27419354839	1469697.4616129033
ko00410	G_beta-Alanine metabolism	165736.738125	187406.24125	103715.2425	75618.515	152818.06062499998	44670.394375	22025.4975	83779.74875	78143.575	39137.969375	66443.366875	40691.813125	56210.649375	94797.204375	73875.80124999999	76301.13875	93845.9875	55297.25125	84605.735625	626989.9031250001	75209.790625	148829.08750000002	21311.285	629512.2475
ko00430	G_Taurine and hypotaurine metabolism	239723.52125	265654.97375	191945.355	111093.81375	160600.07125	76982.9825	45241.21124999999	135830.35499999998	119970.68625	117898.5675	88130.91	116393.29875000002	68406.1175	148002.26625	140281.32	119474.685	155376.36375	83002.49875	114093.63625	473140.71875	93271.85625	165850.13125	28371.14625	901653.63375
ko00440	G_Phosphonate and phosphinate metabolism	57737.56857142857	65720.69642857143	52872.33	30630.735714285714	52375.01142857142	25730.39857142857	5599.76	49879.53642857143	31808.92142857143	26640.976428571423	22196.90071428571	27414.627142857145	20327.37	27194.413571428573	21391.80285714285	33852.91357142857	34581.54857142857	22037.893571428573	30783.58214285714	182470.2	28947.576428571425	54725.095	7738.875714285714	306951.34500000003
ko00450	G_Selenocompound metabolism	420327.846	458597.7166666666	270694.096	195332.97666666668	277904.44333333336	116993.436	59560.75533333334	245909.00533333333	165264.99666666667	151294.50466666667	155529.244	183851.58266666665	143183.59666666665	252784.96133333337	195172.2233333333	185243.89066666664	223743.448	97789.61466666668	178882.42066666667	1185879.912	177372.96799999996	261792.94933333332	48270.37466666668	1220816.478666667
ko00460	G_Cyanoamino acid metabolism	278110.56142857147	0.0	176053.2185714286	0.0	165940.98214285713	75174.76142857142	0.0	130195.605	0.0	0.0	131230.94928571428	97195.94785714286	0.0	0.0	0.0	0.0	173700.26357142857	0.0	0.0	0.0	0.0	191987.25	0.0	1100449.025714286
ko00471	not_found	822104.0933333334	898856.6	592704.6833333332	393149.6233333333	487958.9233333333	240002.66	124018.07	496169.9966666666	353547.02333333326	313187.61000000004	322592.1533333333	386977.93	267713.6	495024.9633333333	422307.8566666667	380978.5733333333	494491.95	177495.43666666668	376390.1733333333	2146057.783333333	344009.04666666663	541831.0533333333	90354.63666666669	2649498.893333333
ko00472	not_found	5559.39	53592.49	50422.4	44504.0	167324.89	28194.19	51901.49	13113.59	74960.69	148069.91999999998	24585.49	4180.01	1832.57	120284.26	101141.73	2490.34	46073.83	7372.81	24004.64	244408.6	4128.38	139190.4	11705.67	708833.28
ko00473	not_found	609530.1966666667	681656.1166666667	506530.51	289642.4633333333	416871.4733333333	250738.41333333333	82589.27	433202.22	308494.8933333333	253692.15666666665	242028.57666666663	312553.1566666667	203514.32	372730.5366666666	301379.1933333333	324976.13	403012.29	173937.94999999998	221558.45000000004	2450003.59	289893.2	550337.4966666667	89378.96333333333	2603097.12
ko00480	G_Glutathione metabolism	134712.81315789474	170747.67842105264	149070.15210526317	71387.05631578948	114107.7342105263	71220.97157894737	17076.39157894737	105240.56	77325.04263157895	63582.50263157895	49747.47684210527	52723.46631578948	43936.0847368421	67403.14000000001	65895.45473684212	88894.91631578948	94878.1389473684	73707.8305263158	75743.48684210527	413505.7052631578	57731.53421052631	123269.58789473683	21192.266315789475	682909.9747368421
ko00500	B_Starch and sucrose metabolism	518210.70775000006	511740.92300000007	322470.719	254744.22125000003	269446.4175	142855.03725	65989.70800000001	253719.62825	195772.4925	160836.36824999997	195268.4905	188672.083	135066.8775	267417.297	216830.20475000003	231503.82425	259023.12649999995	115288.81100000005	189680.91025	1095037.34025	234285.7935000001	326250.457	50889.84275000001	1898471.48975
ko00510	H_N-Glycan biosynthesis	4396.333181818182	20235.70363636364	7689.985000000001	9429.46409090909	3052.2704545454544	1228.2981818181818	2121.274090909091	2465.6877272727274	3010.556363636364	3535.4690909090914	7215.265909090909	2084.033636363636	2999.0754545454547	7833.560909090909	4436.37909090909	7328.690909090909	10308.416363636365	2926.848636363636	3531.412272727273	2541.103181818182	5096.2131818181815	1951.9177272727277	1288.2	16540.522272727274
ko00511	H_Other glycan degradation	341944.12625	487471.7575	150581.34875	260183.28375	118128.90875	92637.01375	51583.13875	160841.69874999998	98107.26875	71722.4275	157849.86875	111739.52375	90180.08875	189932.39375	155827.4325	180314.29	339987.74	75419.41875000001	89785.10625	726335.5925	299675.925	161608.0025	67723.57375	1118918.0125000002
ko00514	H_Other types of O-glycan biosynthesis	0.0	3.4285714285714284	0.2857142857142857	0.0	0.0	683.1428571428571	0.0	174.85714285714286	0.0	617.4857142857143	0.0	3.142857142857143	432.0	0.0	14.571428571428571	0.0	208.28571428571428	0.0	0.0	0.0	0.0	4.742857142857143	0.0	43.02857142857143
ko00520	B_Amino sugar and nucleotide sugar metabolism	466844.4940740741	510873.1296296297	348352.272037037	234244.70796296297	292072.2403703704	154696.00888888887	85406.52685185184	290862.4194444445	222716.26240740737	198533.805925926	171626.05555555556	188220.43	154211.0272222222	325019.59518518526	254996.735	200607.13203703705	279651.79555555555	112365.36166666663	223595.7572222222	1325201.0874074074	198014.765	343003.8729629629	57147.88944444445	1659618.190185185
ko00521	K_Streptomycin biosynthesis	648629.66	851818.4111111112	492397.88444444456	390690.9488888889	316263.0188888889	171702.75444444444	104404.64222222225	366674.96444444446	254661.19	245026.1077777777	266552.09222222224	329447.9733333333	203660.75444444444	378442.1222222223	333168.0188888889	359833.62444444443	419323.50666666665	131936.40333333332	280828.3677777778	1025283.1911111112	364059.38	325888.5311111112	63728.94222222222	2054898.4344444445
ko00523	J_Polyketide sugar unit biosynthesis	188260.493125	0.0	0.0	0.0	86347.718125	0.0	0.0	0.0	0.0	0.0	0.0	0.0	0.0	124071.0975	0.0	0.0	0.0	0.0	0.0	0.0	0.0	0.0	0.0	530468.349375
ko00524	K_Neomycin, kanamycin and gentamicin biosynthesis	0.0	0.0	0.0	0.0	0.0	0.0	0.0	0.0	56394.42363636364	0.0	0.0	0.0	0.0	0.0	0.0	0.0	0.0	0.0	0.0	0.0	0.0	0.0	0.0	0.0
ko00531	H_Glycosaminoglycan degradation	35487.45	84683.89	22908.518571428573	12413.11	15353.41714285714	22497.6	1606.4014285714288	17833.818571428572	8718.532857142858	2088.772857142857	5862.437142857142	3944.8114285714287	12819.475714285714	14522.781428571428	1255.2571428571428	4252.704285714286	121667.29142857144	6125.367142857142	4016.987142857143	26763.28142857143	23351.17714285714	17139.96	24656.04571428572	109448.6142857143
ko00540	H_Lipopolysaccharide biosynthesis	4487.1320000000005	70674.69733333333	2378.2339999999995	3919.4093333333335	11708.673333333334	12932.494666666666	1022.392	2456.041333333333	2621.110666666667	6930.365333333333	3010.460666666667	4343.138666666667	2912.7746666666667	1385.736666666667	1898.436	3937.627333333333	120457.52066666666	29953.84	2218.750666666667	777.3493333333334	19923.70533333333	760.0873333333333	14631.12133333333	20435.875333333333
ko00550	H_Peptidoglycan biosynthesis	741757.2536842105	815339.294736842	529791.7878947367	382208.3421052632	499393.5184210527	231869.2657894737	118876.4805263158	465351.85	330879.38	294984.4978947368	327264.94263157895	347157.5647368421	256295.97000000003	488562.3184210527	395741.0847368421	377654.9110526315	440533.5847368421	169347.40000000002	353535.55473684217	2293099.6289473684	321991.2789473684	535983.8057894736	85010.28789473684	2524274.147368421
ko00561	D_Glycerolipid metabolism	248961.22875	286174.650625	190284.9496875	137610.36875	167735.920625	83507.33125	34992.3140625	133975.465	120332.4503125	104943.335	125556.70218750002	129280.6003125	81717.98624999999	147160.093125	130571.06	125626.3915625	123115.6671875	59288.6678125	116298.913125	791395.93625	111721.6528125	206316.7671875	27222.295	992244.90375
ko00562	B_Inositol phosphate metabolism	71707.65826086958	152616.07521739128	78236.92217391304	66779.07347826086	49400.723043478254	25197.787826086955	11735.395217391302	42338.48086956522	34115.7352173913	28085.003478260867	39235.636086956525	39755.96347826086	24029.02869565217	38716.52608695652	36226.00130434783	49697.4047826087	39794.17826086957	18183.67260869565	40074.40173913044	176354.76652173913	61664.81739130434	40262.571304347824	8533.0	284525.3043478261
ko00564	D_Glycerophospholipid metabolism	247513.83025000003	261357.7785	183505.10525	117346.42675	167809.49649999998	81356.383	34100.67525	140912.27224999998	115897.114	87020.19699999999	99394.02475	103276.91150000002	79040.82350000001	141258.803	123889.74225	115248.50850000004	138879.34324999998	68400.216	109153.6455	744411.90825	106772.3475	193479.25375	28399.659250000004	933868.51675
ko00591	D_Linoleic acid metabolism	146904.17166666666	151054.375	102856.285	63394.59	60719.993333333325	24032.51166666667	17465.198333333334	86820.28666666667	50699.926666666666	97984.85166666668	65030.61000000001	59273.745	45567.93833333333	64537.35666666667	68375.52	49180.755	77224.50666666667	23089.86	43524.28	124869.78333333333	48768.82166666666	53399.43166666667	15780.453333333331	299633.1
ko00600	D_Sphingolipid metabolism	153709.125	162512.394	77904.722	88937.077	41891.6805	33151.571	17127.004	68586.7725	42802.6695	37799.797000000006	76071.391	44898.187	31497.955500000004	64500.09	64832.07050000001	81932.27249999999	109787.95	33338.9115	38410.799	178978.1165	92188.529	68024.4145	20005.412	457956.8095000001
ko00601	H_Glycosphingolipid biosynthesis - lacto and neolacto series	0.0	0.3692307692307692	0.0	0.0	0.0	0.0	0.0	0.3076923076923077	0.123076923076923	0.0	0.3692307692307692	0.3076923076923077	0.0	0.0	0.0	0.0	0.0	0.0	0.0	0.0	0.0	0.0	165.72307692307692	0.0
ko00620	B_Pyruvate metabolism	494635.79	569075.7940540541	387082.2394594594	239130.2345945946	353527.2470270271	156501.0718918919	71392.2654054054	307621.62459459464	225202.7424324324	192693.99297297292	202761.0737837838	227971.65945945948	163379.3464864865	282831.5686486487	249216.8562162162	249401.71270270267	283428.7613513514	131689.9883783784	246182.1240540541	1344616.9143243243	213132.24945945945	345813.8127027028	55836.97837837839	1715984.8637837835
ko00621	L_Dioxin degradation	124019.77142857145	111184.73857142856	103091.91428571429	55429.67857142857	90837.58	51568.11428571429	9967.102857142858	88531.09999999999	50738.91428571429	55970.16571428571	44252.904285714285	73033.31285714285	33516.53571428572	55935.14857142857	47342.48	72174.97857142857	62976.43	50493.69714285714	28142.571428571428	300971.89	48523.56571428572	89189.95285714285	15203.444285714288	480728.4685714286
ko00622	L_Xylene degradation	78629.329	75266.907	75996.775	33988.917	58360.685	30750.096	5571.992	53826.88300000001	40053.437	28306.878	30125.233	39320.219	21722.373	36607.77	34238.408	45092.729	41247.964	34610.72900000001	20315.914	216431.738	27427.675	64644.775	9067.803	325059.499
ko00623	L_Toluene degradation	53544.71714285714	63269.014285714286	49382.93714285714	15233.026428571427	40347.81857142857	21996.445	0.0	23473.086428571427	21806.175	24658.214285714286	9141.997142857144	27448.222142857143	9529.073571428573	27582.222142857143	18173.37785714286	32065.55285714285	45271.194285714286	42257.70571428572	11313.35	29227.31857142857	21408.56928571428	16760.545714285716	7472.042857142857	160562.03
ko00624	L_Polycyclic aromatic hydrocarbon degradation	166.1305882352941	14.743529411764705	24.236470588235296	25.294117647058822	1398.6470588235295	715.9623529411765	0.0	618.9788235294118	10.117647058823527	3720.9282352941177	18.58823529411765	142.9435294117647	0.0	13.92	414.86117647058825	13.19529411764706	1255.7682352941176	16.269411764705886	0.0	7.5064705882352944	242.3647058823529	18.43294117647059	571.7270588235294	297.6794117647059
ko00625	L_Chloroalkane and chloroalkene degradation	213778.9707692308	232664.57384615383	206901.6284615385	106799.8223076923	150823.87461538462	62228.163846153846	32702.72076923077	143688.4269230769	107131.47769230769	106051.79230769227	88137.59384615386	100956.23846153848	66616.9876923077	124263.78461538462	117921.8153846154	117072.90846153846	103326.0253846154	65404.36692307692	93293.58230769233	436955.5430769231	96198.3223076923	146222.84076923077	23756.950769230767	770543.573076923
ko00627	L_Aminobenzoate degradation	42880.721	55260.79866666666	42905.912	23602.631	43247.69933333333	17025.244333333332	7138.692333333334	33045.50366666667	21872.659666666663	35751.836	14372.616	20124.219	15096.271333333334	18475.718666666668	21919.43733333333	22666.3	32908.80066666667	17161.325666666664	22009.999333333333	54144.561	25037.076666666668	30995.446666666667	6176.937	212416.22166666668
ko00630	B_Glyoxylate and dicarboxylate metabolism	218564.7190909091	265007.0221212121	132468.58454545453	117496.89757575758	162766.90393939393	54552.97060606061	40373.81424242424	92560.6466666667	86899.07636363637	81627.9078787879	97702.07272727274	101621.31212121212	62004.85484848485	132662.07606060605	114338.6881818182	95072.67303030303	134447.0257575758	67200.67424242424	97047.6606060606	420934.063030303	110960.63515151516	122001.90545454549	22315.95272727273	660819.0224242425
ko00633	L_Nitrotoluene degradation	166680.89818181816	240957.1909090909	124460.14181818184	155354.5	122475.85363636364	57770.30909090908	22439.834545454545	76066.40181818181	97392.13454545454	56682.14727272727	118678.41636363637	44765.98363636364	63484.55909090909	101715.06545454545	77011.63181818182	86584.83090909092	71949.6918181818	42390.66454545454	100110.95636363636	776095.8436363637	128999.11818181818	212399.76272727276	15333.975454545456	1147063.7963636362
ko00640	B_Propanoate metabolism	262348.62272727274	335155.7557575758	218436.65575757576	122908.92393939396	255709.39303030304	91109.39303030302	45515.25666666666	160320.35393939394	137516.69272727275	106101.52848484847	99380.47181818182	119362.15454545454	95770.95393939392	170325.46363636365	142077.12666666665	131628.58242424243	162240.52181818185	83785.87515151515	160052.43424242423	872142.3957575759	114747.24606060606	218333.55545454545	32837.4306060606	987426.1942424244
ko00642	L_Ethylbenzene degradation	0.0	71200.995	0.0	0.0	0.0	0.0	0.0	0.0	0.0	0.0	0.0	0.0	0.0	0.0	0.0	0.0	0.0	0.0	0.0	0.0	0.0	0.0	0.0	0.0
ko00643	L_Styrene degradation	6499.693333333333	50836.74888888889	15982.78888888889	19414.212222222224	51935.79555555555	7134.121111111111	9125.298888888889	7425.351111111111	12216.233333333334	13682.955555555556	8352.676666666666	15780.48222222222	7304.678888888889	18775.826666666668	14469.092222222222	10652.25222222222	11503.233333333334	5118.063333333334	19920.85888888889	31006.818888888887	13966.137777777778	8249.556666666667	1971.2344444444443	101210.30222222222
ko00650	B_Butanoate metabolism	241441.82771428567	318456.7617142857	212131.28685714287	117408.07085714288	210762.04485714284	89281.90057142857	40958.35	154296.5725714286	118920.94285714286	114602.76657142855	92986.29057142856	117123.39257142856	85397.512	150863.43714285718	124920.222	125057.56342857142	148188.35657142857	76695.94257142858	133954.14428571428	692711.3485714284	109532.822	173921.928	28819.31571428572	902671.1242857144
ko00660	B_C5-Branched dibasic acid metabolism	665068.3983333333	784206.445	420687.14666666667	368893.1566666667	357847.4	129162.67833333334	110389.16666666669	339012.8833333333	224442.4933333333	243592.23	325599.87666666665	336924.575	190145.725	377309.2166666666	322919.77	352523.13833333337	366180.1616666667	153212.71166666667	306028.1433333333	552647.2383333333	311760.6583333333	246884.2316666667	39563.09166666667	1759158.8766666667
ko00670	I_One carbon pool by folate	636329.4585714284	713042.0485714285	431332.4285714286	333092.54500000004	364041.915	185487.16642857145	96354.97785714285	371640.7978571429	268585.76	239298.00928571427	273932.93	311321.96	210007.3557142857	382796.915	324824.0964285714	303382.10357142857	393620.85642857145	139392.77571428573	279925.04928571434	1600900.092857143	276726.98785714287	416996.4871428571	70756.95142857144	2068550.4785714287
ko00680	C_Methane metabolism	230929.6362365592	275422.7998924731	147318.21795698928	138052.82623655914	120770.24806451613	60249.84182795699	31096.612903225807	121538.19903225808	85846.38021505378	82491.91591397849	109722.30118279572	111206.72451612903	67553.98666666666	116634.37752688174	99258.51462365592	102993.88731182796	120758.46451612904	49608.071397849446	96063.31139784948	455998.2325806452	115925.31548387096	129298.8530107527	19591.03494623656	749049.837204301
ko00710	C_Carbon fixation in photosynthetic organisms	593202.9650000001	764165.4138888889	448360.7872222222	335299.44777777774	384082.2211111111	186974.96500000003	96799.52444444444	361398.635	283666.4377777777	255195.8738888889	290086.8466666667	339105.54055555555	206714.89166666663	374327.14277777774	322426.1127777777	272351.11388888885	351909.2511111112	133525.71666666667	322092.2544444445	1783061.0516666668	270403.9366666667	436524.8622222223	70529.05611111112	2087580.4177777776
ko00720	C_Carbon fixation pathways in prokaryotes	329653.7749999999	426614.2035294117	232744.7220588236	160601.7688235294	285712.56529411767	114493.0023529412	48523.8411764706	188991.5552941177	155137.44147058827	123315.22470588234	127063.82352941176	148023.06058823527	115821.94705882354	201046.81970588237	160295.7614705882	151777.91088235294	252246.6876470589	85666.9994117647	167258.06588235294	1172932.749117647	156105.08088235292	259579.8508823529	46788.32529411765	1226248.4332352935
ko00730	I_Thiamine metabolism	639729.5490909091	794253.0063636363	496236.0381818183	332278.15090909094	389266.47818181815	194420.54	92076.31454545454	392472.0427272728	304753.92363636364	232912.7090909091	300310.90181818185	299074.12000000005	214917.18909090903	386441.74	340366.56545454543	346607.4881818182	368755.3163636364	156714.20454545456	298013.7736363636	2141535.650909091	282390.29	485299.8227272727	77626.86454545456	2299959.006363636
ko00740	I_Riboflavin metabolism	228051.43166666664	260946.47666666663	141773.42416666666	112035.96583333332	196125.22250000003	75829.2875	31393.18083333333	133117.0075	109848.92666666668	76298.61583333334	121650.04833333334	70523.37083333333	84775.72083333334	138562.82416666666	109786.06083333334	103318.76916666668	165236.23416666666	72576.03083333334	126033.3825	972300.5116666668	122224.85416666669	211146.2808333333	34075.13416666666	911162.2308333332
ko00750	I_Vitamin B6 metabolism	402782.85875	394142.485	218376.2375	147743.58500000002	210902.75375	86063.21625	43297.19875	213460.48875	119693.60625	123964.1025	129481.74125000002	190443.09	123623.15875	170474.82249999998	146226.32749999998	142101.32	254923.68	75922.74875	138477.33	480029.11625	157924.86125	163893.97375	33724.51875	899553.735
ko00760	I_Nicotinate and nicotinamide metabolism	388547.3422222222	450745.96277777775	289913.7783333334	202235.395	267861.8011111111	119980.54888888888	65465.14222222223	247445.94222222216	179638.76111111112	151724.0388888889	178534.61333333334	189457.4094444445	138833.76944444448	255872.3594444444	219367.265	189628.02444444445	241797.535	96418.30611111112	206008.3961111111	1145860.9055555556	165480.86666666667	289453.34055555554	46485.97944444444	1311796.391111111
ko00770	I_Pantothenate and CoA biosynthesis	700945.4346666667	767293.9879999999	437179.1420000001	330216.19533333334	426116.8106666667	175299.59733333334	99472.196	383984.8713333334	275291.62133333326	235018.586	281056.42133333336	324391.9406666666	220476.92533333332	384615.11	322962.0526666667	303350.716	406385.37933333335	146880.21333333335	325879.3053333333	1581929.683333333	311615.852	414546.9579999999	66259.62333333334	2099677.292
ko00780	I_Biotin metabolism	383644.558	463231.1539999999	227339.872	192652.41600000003	309725.22000000003	155252.438	48782.654	230248.678	187863.16	106927.0	158784.898	158488.13999999998	162024.998	290000.662	189186.888	191017.9	259926.06	119251.484	209304.732	2508101.164	195464.604	412463.996	75632.74799999999	1421600.208
ko00785	I_Lipoic acid metabolism	51271.36	195729.185	206899.44	29519.415	264509.72	114480.955	14812.015	129400.435	76842.01000000001	83003.73	7431.110000000001	78468.15999999999	42419.345	70160.395	46780.09	79970.505	216496.09	81383.1	34756.615	786430.4299999999	28349.91	171092.43	39861.57000000001	585781.5800000001
ko00790	I_Folate biosynthesis	375873.2316666666	449212.0716666666	300749.1583333334	205935.57083333333	287627.7183333333	130460.14083333332	44274.69166666666	257289.5583333333	197159.4325	143651.74166666667	170603.45416666666	197761.73916666667	116114.78166666666	202582.6108333333	170635.68166666667	197833.44000000003	228584.52583333332	107862.60166666668	179100.31166666668	1362896.595	169576.60833333337	342461.7083333333	51854.90833333333	1690387.038333333
ko00791	L_Atrazine degradation	22732.842857142856	47791.042857142864	36125.4	34392.28571428572	47607.12142857142	12923.562857142855	13212.94857142857	6714.58	22761.858571428573	3513.8542857142857	10707.238571428572	10596.101428571428	10397.374285714284	36896.875714285714	20775.31428571429	35309.98714285714	6892.7357142857145	17307.777142857143	16606.28714285714	82819.3442857143	45523.194285714286	53097.38285714285	0.0	424377.3914285715
ko00830	I_Retinol metabolism	0.0	23951.08111111111	34339.30666666667	0.0	15712.683333333332	0.0	0.0	0.0	0.0	0.0	0.0	9183.22388888889	0.0	0.0	0.0	0.0	11177.335	0.0	0.0	0.0	10155.33	0.0	0.0	109985.09111111112
ko00860	I_Porphyrin metabolism	242324.2633962264	283998.15811320755	130552.97075471698	138882.71188679247	188967.73754716985	68002.62490566038	33110.00339622642	103618.80603773583	113871.66358490566	72271.99905660377	147410.21867924527	98166.6575471698	76638.27301886791	147657.47962264152	124556.70698113208	116673.9916981132	131103.61264150942	51405.57094339623	104892.9696226415	1080603.5535849056	129940.33509433964	226513.7473584906	31217.47981132076	1006691.5879245284
ko00900	J_Terpenoid backbone biosynthesis	508561.08722222224	556873.5411111111	368973.39555555553	234442.98	365534.65222222224	162955.38611111112	77385.65111111112	303118.6111111112	233487.1238888889	189977.89611111107	189968.5705555556	205236.04777777777	165224.64833333332	306660.58	262324.9411111111	222469.5811111111	311567.4961111111	113709.09611111108	247274.365	1590491.8727777775	201586.86166666663	381646.9811111111	62275.19833333333	1759615.058333333
ko00903	J_Limonene degradation	65963.75545454546	75918.34636363637	63809.35636363637	38999.28727272728	94525.14454545452	20306.561818181817	0.0	47735.450909090905	41316.711818181815	59976.215454545454	32793.726363636364	28599.820909090908	28297.73909090909	41912.06272727273	44887.53999999999	33736.53	42590.49363636365	0.0	47381.32181818182	228106.0990909091	40934.719090909086	66200.01363636364	11947.076363636364	341234.1218181818
ko00906	J_Carotenoid biosynthesis	124.52647058823528	855.3917647058823	3251.5035294117647	30.58823529411765	3940.402352941176	2926.7729411764703	17.620588235294115	314.27058823529416	2823.8505882352947	1076.720588235294	190.0	315.14176470588234	775.9494117647058	211.65058823529407	279.43117647058824	31.70705882352941	1054.535294117647	3673.225882352941	1335.3135294117649	11599.05117647059	471.0394117647059	8984.008235294117	271.29411764705884	44943.46647058823
ko00908	J_Zeatin biosynthesis	206434.19	235385.4225	142149.7675	98997.29	122419.1325	64355.665	31018.1125	124377.5825	89064.5575	78034.125	80622.155	96926.7575	67394.025	123742.685	106480.3475	97166.3325	148304.85	44608.1925	94182.2075	538134.5575	87834.1775	135557.43	26565.7025	666936.475
ko00910	C_Nitrogen metabolism	253091.73400000003	256007.2756	143400.19839999996	130648.23400000004	161568.7992	66274.72460000002	33415.7502	124208.244	103244.00320000002	78183.65460000001	104167.7944	94837.475	73917.0454	139040.4816	108451.0228	103548.8754	124596.99559999998	62351.794	101967.194	758865.4762	111348.8972	180076.94	28265.6466	892588.7474000001
ko00920	C_Sulfur metabolism	293335.0775	340191.824375	176966.18	141943.47062500002	178408.170625	74220.231875	43192.42125	164713.92124999998	101579.433125	114117.165	110452.545625	113041.25375	98825.078125	169035.22375	125910.97375	119962.3575	173359.24312499998	74745.653125	124876.13375	567868.6425000001	128596.7975	142383.971875	32483.599375	718393.470625
ko00930	L_Caprolactam degradation	4943.382857142858	25273.187142857143	40831.44857142858	5933.957142857143	10172.091428571428	12028.118571428571	695.0957142857143	16881.14142857143	17272.428571428572	3408.368571428572	2751.8857142857146	5942.391428571428	2612.347142857143	3009.425714285714	11627.824285714289	17401.324285714283	3221.094285714286	24871.437142857143	6947.53	23633.887142857147	7844.857142857143	17805.27857142857	1256.5742857142857	120546.68285714286
ko00941	K_Flavonoid biosynthesis	1497.027	10250.933	9527.947	3722.053	608.201	2782.08	433.253	6509.733	5618.347	3970.627	2428.734	7896.814	598.697	998.2	4492.413	5790.174000000001	3683.44	3290.1330000000003	2682.8	6591.347	6942.067	6381.12	337.56	61505.893
ko00943	K_Isoflavonoid biosynthesis	2.2857142857142856	1.7142857142857142	1.7142857142857142	0.0	0.0	0.0	1.1428571428571428	0.5714285714285714	0.0	0.0	0.0	4.571428571428571	0.0	0.5714285714285714	0.0	0.0	0.4285714285714285	0.5714285714285714	0.0	0.0	0.0	0.0	0.0	2.857142857142857
ko00960	K_Tropane, piperidine and pyridine alkaloid biosynthesis	151423.4191666667	142863.13249999998	72110.845	66246.30416666667	109095.26083333336	43757.2625	25118.68833333333	83958.2925	66439.91916666667	50895.3475	55932.23416666667	63195.15	57598.095	102992.1375	71940.61166666668	46949.5325	78218.28583333333	34457.66583333333	74057.30666666666	627586.785	59518.83666666667	128336.40166666669	19399.761666666665	509920.0991666666
ko00965	K_Betalain biosynthesis	0.0	8.0	0.0	0.0	0.0	0.0	0.0	11.0	0.0	0.0	0.0	11.0	0.0	0.0	0.0	0.0	0.0	0.0	0.0	0.0	7.0	0.0	0.0	40.0
ko00970	not_found	654260.9131249998	716297.2150000001	472817.9853125001	318264.51625	398042.401875	197913.2603125	99112.29968749998	388476.2646875001	288147.339375	248923.2065625	271596.48375	333938.16624999995	209612.65312499995	394763.5046875001	346657.120625	322020.6865625	394384.55875	146698.5284375	299678.18499999994	1722058.57875	278410.36312500003	444259.1706250001	71503.54374999998	2200739.31125
ko00980	L_Metabolism of xenobiotics by cytochrome P450	10158.891818181815	0.0	56824.17181818182	0.0	26281.840909090908	0.0	0.0	0.0	0.0	0.0	5628.359090909092	16308.280909090909	4565.823636363637	0.0	16613.104545454546	35770.83727272727	0.0	31378.962727272723	0.0	0.0	0.0	0.0	5748.435454545454	188904.91363636364
ko00983	L_Drug metabolism - other enzymes	0.0	535005.0545454546	0.0	251788.56454545452	335152.4227272728	0.0	0.0	0.0	219728.8509090909	0.0	224896.05181818185	209916.1636363636	157343.47	292501.6472727273	0.0	246449.7036363636	311405.8472727273	0.0	0.0	1647857.539090909	0.0	394980.7	63368.31454545455	1892596.1300000004
ko01040	D_Biosynthesis of unsaturated fatty acids	162990.77866666668	173661.264	97314.12666666666	87370.02	124193.008	38751.05866666666	25225.52733333333	90270.06266666666	60359.40666666667	63884.29866666666	81265.72733333333	67758.19333333333	51910.152	91266.31733333334	82296.55066666666	81851.21466666667	94995.87466666668	44062.024	64410.757333333335	313956.22866666666	69187.29533333333	85197.09933333333	13918.95	440071.56466666673
ko01051	J_Biosynthesis of ansamycins	2024289.29	2567855.84	1146457.42	1436065.05	1442402.74	509391.35	491505.69	1113707.1	979660.77	898613.7	1182341.01	1068481.34	726267.22	1637781.8	1398379.77	851901.53	1049193.19	378939.47	1290379.57	6585046.94	1082523.13	1568898.12	196062.23	7197406.49
ko01053	J_Biosynthesis of siderophore group nonribosomal peptides	1728.495625	4135.245	616.1700000000001	628.455625	9688.545	1988.4425	441.59625	4980.7875	797.234375	682.376875	1245.771875	2020.73625	391.971875	714.3100000000001	255.0875	1648.65125	5631.31625	18016.5975	289.00125	1625.7725	4405.21625	322.358125	1568.06625	4722.42375
ko01055	J_Biosynthesis of vancomycin group antibiotics	808545.43	1020693.36	693995.91	524434.62	354355.48	209106.35	144186.38999999998	471327.86	300114.4	320874.36	355330.33	402495.91	257782.6	491725.81	447707.2	497951.26	530135.89	208927.43	375342.07	661775.38	498420.38	344895.05	65132.14	2586208.6
ko01057	J_Biosynthesis of type II polyketide products	0.0	0.0	0.0	0.0	0.0	0.0	8.0	0.0	0.0	0.0	0.0	326.67	0.0	0.0	0.0	0.0	2.0	0.0	0.0	0.0	0.0	0.0	0.0	0.0
ko02010	not_found	296093.85380368104	345188.62509202457	199813.54785276065	196947.83374233128	229606.04595092015	96152.733190184	49974.82392638036	173342.06944785273	132442.32680981592	113862.02036809816	172895.8595705522	161775.588404908	95796.1724539878	200391.1913496932	163518.1714723926	165376.65601227	137686.46828220863	93015.330797546	122670.47024539878	940651.3102453988	159281.67950920243	229201.5014723926	30386.78564417177	1137898.1406134963
ko02020	not_found	134414.5291304348	170295.4014906832	85071.86621118012	77176.69757763974	128541.53788819873	45564.36204968944	20901.745217391297	80691.04770186332	62798.39521739128	51155.97397515528	60860.348385093166	63256.69167701863	43961.29403726708	84401.58304347827	65316.876273291935	70625.31888198756	76144.54720496896	51467.42850931674	57583.17149068323	496956.0302484472	69975.9906832298	102837.30341614908	17883.662422360252	494455.3203726708
ko02030	not_found	370558.1223076923	507595.5438461539	102386.21076923076	197544.3823076923	516892.69461538456	129397.77307692308	44715.91538461538	161856.19615384613	185984.89615384612	113077.97769230769	173973.90692307692	113891.21076923076	147147.2423076923	250505.4553846154	144252.84846153847	117758.88153846152	265048.2923076923	69098.80769230769	127110.6253846154	2823151.635384616	145713.18846153846	383847.9592307693	79910.69230769231	1190425.0615384616
ko02040	not_found	134677.67619047614	237057.2647619047	25098.88333333333	16084.74095238095	317119.5433333334	84456.57952380953	11151.904761904763	71726.19190476192	112215.78380952384	39177.89857142857	8193.093809523809	2719.503333333333	79115.87809523809	114633.0366666667	41764.06333333334	6982.306666666668	184212.4138095238	39670.05428571428	53066.21761904761	1955262.7419047616	22027.10952380953	258703.14571428573	54469.65476190476	591861.0219047619
ko02060	not_found	469417.8152631579	479075.1257894737	389725.9981578947	189652.93894736844	280205.12394736847	149111.3063157895	80386.26078947369	323474.6410526316	238514.87236842103	231909.6692105263	129353.40947368424	131287.69947368422	145083.11263157896	301466.0065789474	204708.5202631579	113148.96684210526	105090.58394736842	119463.56552631575	260998.2134210526	1231496.6557894738	93932.8894736842	306844.9476315789	38570.47710526316	1397410.0805263158
ko03008	not_found	20921.00780487805	21340.47048780488	15895.171463414632	9430.195853658535	12235.864146341462	6452.223902439025	2965.5036585365856	12411.60975609756	8735.442195121952	8365.046341463416	7672.371463414634	9963.828048780488	6491.508536585366	12133.871707317074	10229.55731707317	9375.161219512194	12591.061219512196	4997.70219512195	9099.993414634146	52630.561707317065	8173.573170731707	13242.253414634146	2300.319024390244	62889.29341463415
ko03010	not_found	603445.3516666669	631776.8833333335	442418.1595833335	270245.5066666664	361922.3449999997	184868.11680555565	88480.31458333328	369504.2990277775	264179.781527778	228153.7390277778	230454.44472222237	279609.96680555545	193553.0056944443	362832.177222222	308661.7519444441	276354.7479166668	378487.97902777785	132001.14027777765	266579.8127777778	1636184.0562500006	230753.7143055553	410079.3981944443	69003.04625000003	1944175.8348611123
ko03013	not_found	29004.46181818182	27433.37303030303	19837.46196969697	12887.289545454543	14477.765303030304	7593.943181818182	3207.750303030303	15114.863333333333	11226.17181818182	9336.806212121212	11839.284545454546	10972.588636363636	8155.779848484848	14279.209242424242	11598.89090909091	13109.170606060608	11709.061818181815	6281.97803030303	10694.122727272728	68304.43181818182	10042.281515151515	18235.848030303037	2628.305606060606	92214.6759090909
ko03015	not_found	0.0	126.14814814814817	0.3703703703703703	0.4444444444444444	11.037037037037036	0.1481481481481481	39.03703703703704	10.074074074074074	3.4074074074074074	202.22222222222223	0.8148148148148148	0.4444444444444444	0.5185185185185185	0.0	0.4444444444444444	0.074074074074074	123.92592592592592	0.0	1.2592592592592593	5.037037037037037	1.851851851851852	0.074074074074074	2.3703703703703702	13.555555555555555
ko03018	not_found	221217.7471052632	241517.6481578948	164592.6747368421	107974.39657894736	142645.82394736842	68978.18578947369	29628.940263157896	130592.32657894737	96890.45	78279.82026315788	90785.2944736842	100879.97842105264	72836.96263157895	125820.89473684214	106790.44710526316	103419.94657894738	135772.69184210527	52678.69736842106	94505.41631578948	623146.1684210527	98259.86289473684	157758.78763157895	26642.106315789475	794690.4018421053
ko03020	not_found	432025.9133333333	489397.628	254564.85766666665	204144.7983333333	294573.2833333333	110996.67733333334	55403.59433333333	212374.184	174209.531	134800.238	203259.857	152058.79866666667	139085.7933333333	247401.35866666667	202983.659	184482.035	267504.01700000005	76094.274	181876.8333333333	1417953.808	174818.97466666668	294081.854	48626.47800000001	1210742.8726666667
ko03022	not_found	0.0	0.0	0.0	0.0	29.53846153846154	0.0	4.307692307692308	0.3076923076923077	0.0	817.8461538461538	0.0	0.6153846153846154	0.0	0.0	0.0	0.0	140.30769230769232	0.0	1.8461538461538465	0.0	0.0	0.0	0.0	32.30769230769231
ko03030	not_found	494011.37884615385	505229.3692307692	341775.2530769231	229509.41923076924	306313.98346153845	153110.28961538462	70320.08961538461	294413.3669230769	211902.8211538461	176961.61038461543	182759.6907692308	204798.0107692308	152217.99923076926	281901.2242307693	243937.7853846154	221270.78884615385	289887.2161538462	105908.3323076923	216975.07384615383	1334925.1011538464	205807.6957692308	344480.2303846153	55723.45538461538	1716720.8080769232
ko03040	not_found	0.0	0.0	0.0	0.0	0.0	0.0666666666666666	0.0133333333333333	0.0	0.0	0.0	0.0	0.0	0.0	0.0111666666666666	0.0	0.0	0.0	0.0	0.0	0.0	0.0	0.0	0.0	0.3333333333333333
ko03050	not_found	1244.7491666666667	167.33291666666668	1334.805	624.5833333333334	1122.5791666666669	338.1658333333333	26.5275	534.4725	94.2775	558.57	47.75	920.9591666666666	60.09708333333334	253.02791666666667	25.7775	122.04166666666669	140.83333333333334	16.722083333333334	45.19458333333333	255.13875	565.7220833333333	61.625	22.43041666666667	149.41666666666666
ko03060	not_found	518471.317	603677.3230000001	373112.53	259088.1655	349784.65300000005	163570.45399999997	74737.92850000001	308900.7505000001	224471.3915	191503.5775	223037.23650000003	279022.661	166404.01799999998	298176.66500000004	263939.6605	261749.8175	339783.43649999995	123464.48550000002	235682.6525	1401824.3690000002	238922.7505	343482.1425	60435.301000000014	1764104.6905
ko03070	not_found	223805.02378378375	277688.3743243243	166647.45891891894	117704.78243243245	153440.22594594595	75046.40432432432	31753.62594594595	125931.99540540544	97944.54945945943	81757.5472972973	100619.84729729732	129128.6127027027	68386.22405405405	125246.26837837836	111940.95702702703	116554.53918918916	178796.6316216216	71033.19054054054	104644.63675675676	562755.0410810811	120454.42459459462	149832.25216216216	27459.527297297296	806549.0224324325
ko03410	not_found	352503.45619047614	405214.1833333333	274574.4214285714	191950.28047619047	246293.9871428572	120372.80857142856	58139.24142857143	233399.8052380953	161953.75619047618	141943.11523809523	151827.1723809524	155419.1419047619	123304.04571428572	225135.0590476191	196262.64380952375	176766.71333333335	214301.4942857143	93471.93	175933.57142857142	1003292.36	165107.2114285714	250380.3647619048	42439.55428571429	1228774.2376190478
ko03420	not_found	328441.1579166667	353903.1141666667	228283.69875	169001.97541666668	204826.56000000003	100334.62083333332	45099.93708333333	185123.295	142978.76333333334	111643.25708333332	131176.46083333337	142033.30208333334	98617.2625	181865.07666666663	163455.58708333332	155087.60958333334	182967.08208333337	68860.43833333334	144241.8475	969453.2683333332	158017.00875	237960.37041666664	37251.93583333333	1207660.0833333333
ko03430	not_found	680452.5826086957	741897.6508695652	484526.06304347824	323291.7182608696	425568.97	211894.5752173913	96884.03347826088	390304.1804347826	305886.77478260867	243539.7747826087	265625.77347826085	271994.99260869564	204205.81173913047	383789.1613043479	340136.38217391307	318011.11391304346	403630.2169565217	149976.17217391304	304556.5373913044	1866477.92	291394.0691304348	500089.9108695652	75267.10304347826	2552138.2208695654
ko03440	not_found	591383.558	633790.8339999999	413101.5103333334	288434.2133333333	348209.80633333337	176878.14666666667	89497.26433333334	343779.3596666667	253258.5063333333	212369.77233333333	225562.611	254764.04199999996	183371.90266666663	353961.31833333336	301543.345	269687.95233333326	346234.0053333334	126253.296	262875.2816666666	1576492.601333333	255601.99566666663	400786.7003333333	65115.89633333334	1982509.8979999996
ko03450	not_found	393.9	15784.051	567.734	900.733	28334.982	1780.5309999999995	955.563	345.591	2219.1	7841.562	3416.506	2689.803	1931.169	1386.465	872.052	1009.275	12714.315	350.334	1147.44	2284.16	121.20100000000002	254.841	651.534	8445.574
ko04075	not_found	0.4	0.0363636363636363	10.145454545454546	0.0	0.0	1.4545454545454546	0.0	0.0	11.636363636363637	0.0	0.0	2.327272727272728	0.0	0.0	0.0727272727272727	0.0727272727272727	0.0	0.6181818181818182	0.0	0.0	0.0	0.0	0.0727272727272727	285.3090909090909
ko04080	not_found	0.0	0.0088666666666666	0.0	0.0	0.0	0.0	0.0	0.0	0.0	0.0	0.0	0.0	0.0	0.0044666666666666	0.0	0.0	0.0	0.0	0.0044666666666666	0.0	0.0	0.0	0.0	0.0
ko04110	not_found	0.0	0.0	0.0	0.0	0.0	0.1538461538461538	36.38461538461539	0.0	0.3846153846153846	0.0	0.0	1.3076923076923077	0.5384615384615384	58.0	0.0	0.0	0.0	0.0	0.0	2.3076923076923075	1.0769230769230769	0.0	0.0	0.0
ko04112	not_found	602299.273125	625957.58375	413001.118125	292702.296875	347376.85687500006	171816.693125	81276.318125	329191.358125	246485.204375	208032.26687500003	253828.05500000005	272757.895625	177705.32374999998	327385.11500000005	289871.146875	282100.41625	340222.939375	126488.730625	249712.5125	1524920.2843749998	263377.24875	404462.10875	65333.11687500001	2066879.653125
ko04113	not_found	70.1068	271.6128	53.8	21.28	390.7254	0.0	0.0	14.373399999999998	0.0	30.1466	31.72	0.0	0.0	0.0	0.0	0.0	345.7468	0.0	0.0	0.0	0.0	70.8	2.76	0.0
ko04122	not_found	477242.92818181816	488631.2663636364	294011.9672727272	194714.39454545453	308082.9872727273	141258.42272727273	57938.435454545455	259203.7581818182	202459.78909090903	145315.73272727273	189776.5836363636	210032.93	159745.3218181818	274416.7354545454	215539.88181818184	219895.6427272728	238922.8290909091	108177.53636363636	195104.11636363636	1694638.341818182	181126.3709090909	360554.6890909091	53856.74727272728	1562907.3454545457
ko04141	not_found	13261.6015942029	16309.45304347826	10664.802898550724	6813.443913043479	10252.074202898551	4445.412898550724	2057.9497101449274	6130.036376811594	7419.440579710145	3527.864782608696	5404.829130434783	6506.410144927535	4511.667826086957	7538.318550724637	6827.2663768115945	5445.888550724638	12925.027246376812	3724.125797101449	7895.857826086957	41466.625072463765	6539.311449275362	13364.087971014496	1807.345362318841	69660.49304347827
ko04142	not_found	0.0	0.0	0.0	0.0	0.0	0.0	0.0	0.0	0.0	0.0	0.0	3577.2564	0.0	10995.5266	0.0	0.0	0.0	0.0	0.0	0.0	0.0	0.0	0.0	0.0
ko04144	not_found	4.266666666666667	5.128550724637681	22.38449275362319	4.4830434782608695	9.73927536231884	43.01057971014493	1.5805797101449277	0.5565217391304348	12.007826086956522	49.26579710144928	1.8918840579710143	884.757536231884	0.6492753623188405	130.6223188405797	15.397101449275365	408.92753623188406	0.2666666666666666	2.1468115942028985	4.446376811594203	7.406811594202899	2.597101449275362	8.378695652173914	2.7613043478260866	200.30347826086955
ko04146	not_found	55492.71742857143	71534.65114285714	42824.07257142857	27470.962	69172.42542857141	21275.59114285714	8296.031714285715	34676.86171428571	25613.546857142857	20322.258	25003.407714285717	26328.911428571428	14526.880285714287	28956.048	25172.52828571429	29562.135142857143	43748.938285714285	17233.42057142857	22418.400285714288	139929.12485714286	23608.70285714286	41902.888	7794.603428571429	236897.09085714287
ko04210	not_found	40.98967741935484	2705.1048387096776	16.693548387096776	12.131290322580645	106.07516129032258	481.4735483870968	41.42806451612904	56.75225806451613	10.609677419354838	30.386774193548387	23.81290322580645	57.29870967741936	122.80387096774194	11.461935483870969	8.661935483870968	10.029677419354838	5880.493225806452	33.67741935483871	21.508709677419358	3.1741935483870964	136.3490322580645	14.021935483870967	878.396129032258	315.7851612903226
ko04510	not_found	0.0	0.0	0.0	0.0	0.0	0.0	0.0	0.0	0.0	0.0	0.0	0.0	0.0	0.0597014925373134	0.0	0.0	0.0	0.0597014925373134	0.0	0.0	0.0	0.0	0.0	0.0
ko04512	not_found	0.0	14.857142857142858	0.0	0.0	0.0	0.0	0.0	0.0	0.0	0.0	0.0	0.0	0.1428571428571428	0.0	0.0	0.0	0.2857142857142857	0.0	1.7142857142857142	0.0	0.0	0.0	0.0	0.0
ko04614	not_found	0.0	0.0	0.0	0.0	0.0	0.0	0.0	0.0	0.0	0.0	0.0	0.0	0.0	0.0	0.0	0.0	0.0	0.0	0.4444444444444444	0.0	0.0	0.0	0.4444444444444444	0.0
ko04621	not_found	28972.921153846157	28053.298461538463	11486.482692307693	14595.844230769231	20890.97923076923	7287.247692307692	4836.731153846154	13768.933076923076	12228.012692307691	7153.26423076923	12701.765384615386	11432.10423076923	11239.003076923078	21020.081923076923	15545.623076923075	9529.536153846157	19814.015384615384	4210.987307692308	17582.62153846154	132219.22692307693	13243.197307692308	24380.661538461536	4017.0	90807.68769230768
ko04626	not_found	73265.25742857142	84861.77971428572	44891.820857142855	33780.24714285714	65524.555428571424	28106.822571428573	11294.698	41002.07714285714	38932.34714285715	25806.922571428568	27763.98285714286	30731.543714285715	28977.06342857143	52661.805428571424	39184.10400000001	28455.166285714284	46022.934857142856	17636.483999999997	39287.18885714286	398346.07657142857	29163.55942857143	72703.80285714284	12515.268285714286	259623.43628571427
ko04910	not_found	33008.668461538466	32452.183076923076	17591.176666666666	15994.25153846154	21478.561282051283	9329.336923076924	4803.87923076923	16844.233589743588	11852.969230769231	12519.396410256411	16153.79846153846	15205.75435897436	10405.131025641023	18180.135384615387	16019.82358974359	14096.508717948716	24364.945641025643	7135.383333333333	16214.4458974359	69113.10974358974	15780.696666666669	19509.328205128208	3730.704615384616	97971.08307692308
ko04962	not_found	0.0	0.0941176470588235	0.0	0.0	0.188235294117647	0.0	0.0	0.0	0.0470588235294117	0.3999999999999999	0.0	0.0	0.0	0.0	0.0941176470588235	0.0	0.611764705882353	0.0	0.188235294117647	0.0	0.0	0.6588235294117647	0.0	0.188235294117647
ko04974	not_found	1099.3724	4532.1812	1179.3528	557.8164	556.1716	1108.346	19.8988	552.6668	28.5612	301.0008	8.783999999999999	766.5935999999998	164.0468	36.48	6.728	67.8692	7940.005999999999	43.2532	61.86559999999999	10.6132	645.1332	35.96	1258.7652	432.8672
ko05010	not_found	0.0	0.0	0.0	0.0	0.0	0.0	0.0	0.0	0.0	0.0	0.0	6441.773142857142	0.0	0.0	0.0	0.0	0.0	0.0	0.0	0.0	5093.948428571429	0.0	0.0	0.0
ko05012	not_found	282.5266666666667	2041.4733333333336	115.60228070175438	538.4912280701755	0.0	52.91263157894737	58.10526315789474	77.50842105263158	25.12280701754386	346.35052631578947	438.2456140350877	82.2580701754386	65.26298245614035	0.0	124.8417543859649	209.31	170.3859649122807	41.66912280701754	91.859649122807	0.0	644.3161403508772	0.0	30.80736842105263	1765.766140350877
ko05100	not_found	818.6775757575758	1324.855454545455	273.1578787878788	1009.8424242424244	2343.2727272727275	806.3475757575758	315.3333333333333	760.6627272727272	125.46181818181816	4194.298181818182	739.0060606060606	3789.996060606061	826.7757575757576	881.01	264.630303030303	3282.696969696969	377.0121212121212	4622.7872727272725	3337.1393939393943	48.36636363636364	2030.1033333333332	148.8060606060606	164.55757575757573	17411.09
ko05110	not_found	0.0	0.0	0.38875	0.0	0.0	0.8333333333333334	0.0	1.0	0.0	0.0	0.0	9.027916666666668	0.1666666666666666	0.0	0.0	0.2779166666666666	12.866666666666667	0.6666666666666666	0.0	0.0	0.0	0.0	0.0	7.944583333333334
ko05111	not_found	58614.73714285714	69399.25238095238	34724.6319047619	23440.92809523809	48613.728571428575	18103.469523809523	9190.663333333334	30820.087619047623	24563.904761904763	22428.666666666668	19206.646666666667	18327.96809523809	21919.210000000003	35759.53047619047	25157.481904761906	16805.84	37437.50047619048	16293.265714285712	28297.882380952386	188202.28095238097	18943.251904761903	37197.50761904762	7516.297619047619	138293.47857142857
ko05120	not_found	57825.33857142857	66538.25249999999	34573.396785714285	32480.41178571429	47292.562142857154	16688.619285714285	11355.954285714284	28814.042500000003	28198.66714285714	16909.573214285712	25529.958214285714	21311.67785714285	21245.2775	44714.82178571429	31820.028214285718	28056.078214285717	32926.38607142857	12855.190357142856	33444.89178571429	219623.28821428568	31493.795	54149.411428571424	6693.431071428572	263268.60392857145
ko05130	not_found	0.0	0.0	0.0	0.0	5.2631578947368425	0.0	0.0	0.0	0.0	0.0	0.0	0.0	0.0	0.0	0.0	0.2105263157894736	0.0	0.0	0.0	0.0	0.0	0.0	0.0	0.0
ko05143	not_found	1813.1938888888888	1698.6555555555556	1986.4033333333332	843.1633333333334	671.7461111111111	1996.369444444444	69.37055555555555	4996.4077777777775	499.78888888888895	752.6483333333332	83.91166666666668	1973.6377777777773	96.09722222222224	434.18555555555554	86.17055555555555	556.4594444444444	665.9777777777778	1553.278888888889	287.25944444444445	1097.7555555555557	1083.3216666666667	90.12222222222222	113.7	2741.393333333333
ko05145	not_found	0.0	0.0	0.0	0.0	0.0	0.0	0.0	0.0	0.0	4.850851063829787	0.0	18.78063829787234	0.0	0.0	0.0	490.9625531914894	0.0	43.319148936170215	0.0	2.4	0.0	0.0	0.0	71.33340425531915
ko05146	not_found	2911.363846153846	2937.3920512820514	2042.5128205128208	346.82897435897434	5714.420256410257	1839.1920512820511	650.8141025641025	319.14358974358976	2208.1048717948715	1141.649230769231	431.87179487179486	596.0797435897437	639.1579487179487	1932.3571794871796	994.9110256410256	1528.521282051282	5721.274615384616	952.4651282051282	1205.8076923076924	9187.176666666666	754.6238461538462	4349.786410256411	353.1025641025641	23579.78846153846
ko05150	not_found	21036.907878787883	22482.476363636364	37485.23212121212	9492.353333333334	26922.63	24603.22454545455	1996.028787878788	37765.02848484849	19827.336363636365	20082.569090909088	2421.3357575757577	17241.887575757577	9466.39393939394	19035.219696969696	12783.59878787879	24157.555151515156	8166.771515151514	12395.708787878788	9749.978787878788	234758.7572727273	9244.711515151515	43328.30666666667	7349.853636363637	200426.4736363637
ko05322	not_found	0.1739130434782608	0.0	0.3478260869565217	0.0	0.0	0.0	0.0	0.1739130434782608	0.0	0.0	0.0	0.782608695652174	0.1739130434782608	0.0	0.0	0.0	0.0	0.1739130434782608	0.0	0.0	0.0869565217391304	0.0	0.0	0.2608695652173913
ko05410	not_found	0.2631578947368421	11.342105263157896	0.0	0.0	0.4210526315789473	108.94736842105264	0.4210526315789473	0.6842105263157895	0.0	0.3157894736842105	0.2631578947368421	0.4210526315789473	0.0	0.0	0.631578947368421	0.0	69.02631578947368	0.0	0.0	0.0	1.1578947368421053	0.0	0.0	3.0526315789473686
