# Constructed from biom file
#OTU ID	IfmP01	IfmP02	IfmP03	IfmP07	IfmP10	IfmP11	IfmP12	IfmP13	IfmP14	IfmP15	IfmP16	IfmP19	IfmP20	IfmP22	IfmP23	IfmP24	IfmP25	IfmP30	IfmP31	IfmP33	IfmP34	IfmP35	IfmP36	IfmP38
d__Bacteria;p__Firmicutes;c__Clostridia;o__Peptostreptococcales-Tissierellales;f__Peptostreptococcaceae;g__Romboutsia	29560.0	688.0	12340.0	216.0	92568.0	50280.0	148.0	52264.0	45192.0	2440.0	136.0	168.0	35268.0	81688.0	23056.0	1296.0	2068.0	0.0	22376.0	1368104.0	48.0	154564.0	27468.0	256112.0
d__Bacteria;p__Firmicutes;c__Clostridia;o__Clostridiales;f__Clostridiaceae;g__Clostridium_sensu_stricto_1	76356.0	11100.0	50996.0	140.0	70212.0	24252.0	52.0	1112.0	61792.0	192.0	1512.0	324.0	1292.0	3148.0	1504.0	0.0	19468.0	5008.0	24476.0	308740.0	28.0	126420.0	2912.0	716624.0
d__Bacteria;p__Firmicutes;c__Clostridia;o__Peptostreptococcales-Tissierellales;f__Peptostreptococcaceae;g__Intestinibacter	904.0	68.0	264.0	20.0	3852.0	1636.0	12.0	24.0	57208.0	24.0	3556.0	160.0	0.0	2608.0	6844.0	4.0	0.0	7240.0	14104.0	355320.0	0.0	75180.0	180.0	922372.0
d__Bacteria;p__Firmicutes;c__Bacilli;o__Lactobacillales;f__Lactobacillaceae;g__Lactobacillus	69840.0	59768.0	218428.0	4164.0	1800.0	55744.0	456.0	67464.0	58200.0	66468.0	332.0	3468.0	23844.0	5220.0	47284.0	94100.0	42320.0	62688.0	20640.0	86496.0	24800.0	61504.0	17764.0	527444.0
d__Bacteria;p__Firmicutes;c__Bacilli;o__Lactobacillales;f__Streptococcaceae;g__Streptococcus	3572.0	10776.0	16024.0	6032.0	7152.0	104628.0	5840.0	84504.0	6168.0	45116.0	552.0	319596.0	168.0	77248.0	8884.0	79656.0	284.0	940.0	4172.0	2816.0	5940.0	4920.0	3224.0	302824.0
d__Bacteria;p__Firmicutes;c__Clostridia;o__Lachnospirales;f__Lachnospiraceae;g__Blautia	71824.0	146792.0	42304.0	178988.0	19388.0	3024.0	25112.0	37712.0	23400.0	61312.0	149228.0	15884.0	28268.0	90820.0	58788.0	98680.0	968.0	32236.0	29928.0	24044.0	76948.0	30984.0	600.0	259344.0
d__Bacteria;p__Actinobacteriota;c__Coriobacteriia;o__Coriobacteriales;f__Coriobacteriaceae;g__Collinsella	7844.0	1380.0	19384.0	9548.0	5472.0	36.0	3056.0	4720.0	21856.0	3048.0	0.0	219244.0	10204.0	17856.0	31740.0	5948.0	3116.0	4124.0	3236.0	39152.0	5204.0	13872.0	3724.0	0.0
d__Bacteria;p__Firmicutes;c__Bacilli;o__Erysipelotrichales;f__Erysipelatoclostridiaceae;g__Erysipelotrichaceae_UCG-003	212256.0	11380.0	29980.0	40192.0	6344.0	0.0	8.0	99084.0	1848.0	20.0	18208.0	52.0	70824.0	56300.0	4152.0	3204.0	52.0	0.0	1140.0	2852.0	33536.0	1780.0	0.0	0.0
d__Bacteria;p__Firmicutes;c__Clostridia;o__Lachnospirales;f__Lachnospiraceae;g__Dorea	42224.0	52180.0	12712.0	4856.0	6684.0	0.0	6772.0	5700.0	3036.0	492.0	39600.0	120.0	5488.0	26280.0	50940.0	8092.0	364.0	1772.0	5556.0	25616.0	1000.0	172.0	0.0	34964.0
d__Bacteria;p__Firmicutes;c__Bacilli;o__Erysipelotrichales;f__Erysipelotrichaceae;g__Holdemanella	0.0	38240.0	24.0	104.0	848.0	4.0	46140.0	48.0	33232.0	42676.0	8.0	240.0	0.0	114624.0	92368.0	0.0	0.0	0.0	3796.0	15648.0	0.0	24336.0	16.0	0.0
d__Bacteria;p__Firmicutes;c__Clostridia;o__Lachnospirales;f__Lachnospiraceae;g__[Ruminococcus]_torques_group	177440.0	2048.0	412.0	136.0	5716.0	104.0	516.0	4728.0	2192.0	128.0	236.0	16.0	2284.0	3640.0	2544.0	3416.0	6344.0	308.0	1268.0	300.0	364.0	5200.0	120.0	2624.0
d__Bacteria;p__Actinobacteriota;c__Coriobacteriia;o__Coriobacteriales;f__Eggerthellaceae;g__uncultured	0.0	18780.0	7252.0	0.0	1188.0	88.0	308.0	764.0	12228.0	8012.0	0.0	27344.0	0.0	4620.0	8.0	11728.0	1928.0	0.0	948.0	27492.0	0.0	4.0	0.0	81572.0
d__Bacteria;p__Firmicutes;c__Clostridia;o__Lachnospirales;f__Lachnospiraceae;g__Anaerostipes	0.0	127764.0	79628.0	6952.0	14488.0	3176.0	80.0	364.0	23840.0	204.0	4728.0	208.0	7632.0	328.0	2232.0	7036.0	44.0	200.0	34372.0	9308.0	2856.0	2352.0	44.0	2956.0
d__Bacteria;p__Firmicutes;c__Bacilli;o__Lactobacillales;f__Enterococcaceae;g__Enterococcus	14080.0	81984.0	18876.0	49100.0	10056.0	22748.0	1244.0	109476.0	7580.0	22296.0	432.0	1956.0	268.0	0.0	20.0	40.0	4500.0	15632.0	8400.0	2688.0	224.0	1896.0	9952.0	9452.0
d__Bacteria;p__Firmicutes;c__Clostridia;o__Lachnospirales;f__Lachnospiraceae;g__[Eubacterium]_hallii_group	41904.0	10700.0	41496.0	144.0	388.0	4.0	7828.0	53592.0	1884.0	312.0	8404.0	1476.0	36148.0	9328.0	52316.0	31144.0	84.0	17356.0	76452.0	29220.0	81376.0	10812.0	24.0	47100.0
d__Bacteria;p__Proteobacteria;c__Gammaproteobacteria;o__Enterobacterales;f__Enterobacteriaceae;g__Escherichia-Shigella	8292.0	1600.0	100.0	1484.0	2664.0	932.0	24.0	448.0	864.0	0.0	472.0	164.0	1088.0	120.0	4.0	6640.0	140.0	98468.0	536.0	0.0	20400.0	256.0	1640.0	656.0
d__Bacteria;p__Actinobacteriota;c__Actinobacteria;o__Bifidobacteriales;f__Bifidobacteriaceae;g__Bifidobacterium	81368.0	4492.0	41892.0	24060.0	13372.0	16756.0	104.0	15244.0	1808.0	16760.0	0.0	20060.0	980.0	1712.0	28.0	1724.0	2520.0	564.0	1600.0	596.0	20360.0	1088.0	1000.0	172.0
d__Bacteria;p__Firmicutes;c__Bacilli;o__Erysipelotrichales;f__Erysipelotrichaceae;__	0.0	32.0	0.0	4.0	8.0	8.0	5196.0	4584.0	4.0	324.0	20.0	28.0	48.0	28.0	32.0	4.0	24.0	12.0	103848.0	0.0	0.0	0.0	0.0	16.0
d__Bacteria;p__Firmicutes;c__Clostridia;o__Lachnospirales;f__Lachnospiraceae;__	664.0	6472.0	15908.0	144.0	2104.0	80.0	1640.0	2980.0	8172.0	1824.0	1088.0	60.0	2384.0	700.0	532.0	50832.0	3892.0	3852.0	816.0	1500.0	232.0	1368.0	28.0	15308.0
d__Bacteria;p__Firmicutes;c__Clostridia;o__Oscillospirales;f__Ruminococcaceae;g__Subdoligranulum	4.0	4884.0	29036.0	15612.0	2088.0	0.0	952.0	732.0	5876.0	176.0	11152.0	8040.0	3420.0	17052.0	9756.0	12172.0	22776.0	32.0	724.0	4808.0	33028.0	13184.0	140.0	16108.0
d__Bacteria;p__Firmicutes;c__Clostridia;o__Peptostreptococcales-Tissierellales;f__Peptostreptococcaceae;g__Terrisporobacter	16.0	12.0	780.0	12.0	3640.0	5208.0	0.0	20.0	5576.0	0.0	0.0	44.0	4.0	0.0	4556.0	0.0	20.0	44.0	3968.0	4200.0	0.0	64000.0	0.0	6604.0
d__Bacteria;p__Firmicutes;c__Bacilli;o__Erysipelotrichales;f__Erysipelotrichaceae;g__Turicibacter	56.0	68.0	10640.0	0.0	548.0	8408.0	0.0	224.0	10672.0	24.0	0.0	728.0	1356.0	8.0	26316.0	0.0	8892.0	1480.0	2388.0	5764.0	1220.0	31848.0	2708.0	28552.0
d__Bacteria;p__Firmicutes;c__Bacilli;o__Erysipelotrichales;f__Erysipelotrichaceae;g__Catenisphaera	0.0	0.0	0.0	0.0	67520.0	4.0	4.0	0.0	0.0	0.0	0.0	8.0	4.0	4680.0	0.0	0.0	0.0	0.0	0.0	0.0	0.0	0.0	0.0	0.0
d__Bacteria;p__Firmicutes;c__Clostridia;o__Oscillospirales;f__Ruminococcaceae;__	8.0	27852.0	92.0	336.0	448.0	3196.0	304.0	20.0	280.0	160.0	9688.0	96.0	96.0	296.0	120.0	0.0	50144.0	412.0	984.0	64.0	160.0	80.0	64.0	972.0
d__Bacteria;p__Firmicutes;c__Bacilli;o__Bacillales;f__Planococcaceae;g__Psychrobacillus	0.0	0.0	0.0	0.0	68128.0	0.0	0.0	0.0	0.0	0.0	0.0	20.0	0.0	0.0	0.0	0.0	0.0	0.0	0.0	0.0	0.0	0.0	0.0	0.0
d__Bacteria;p__Firmicutes;c__Clostridia;o__Lachnospirales;f__Lachnospiraceae;g__Lachnoclostridium	848.0	236.0	108.0	952.0	212.0	924.0	12.0	104.0	64.0	432.0	156.0	69660.0	152.0	0.0	332.0	640.0	1760.0	1348.0	632.0	20.0	1028.0	368.0	368.0	184.0
d__Bacteria;p__Firmicutes;c__Clostridia;o__Lachnospirales;f__Lachnospiraceae;g__Coprococcus	564.0	10480.0	1616.0	32.0	1304.0	0.0	344.0	8.0	1016.0	0.0	30352.0	4684.0	936.0	2716.0	3404.0	308.0	228.0	0.0	200.0	2324.0	7228.0	212.0	8.0	17808.0
d__Bacteria;p__Firmicutes;c__Bacilli;o__Erysipelotrichales;f__Erysipelotrichaceae;g__Faecalicoccus	0.0	0.0	0.0	43176.0	0.0	0.0	0.0	2220.0	0.0	0.0	0.0	0.0	0.0	68.0	0.0	0.0	0.0	0.0	0.0	53176.0	0.0	0.0	0.0	0.0
d__Bacteria;p__Firmicutes;c__Clostridia;o__Oscillospirales;f__Oscillospiraceae;g__UCG-002	0.0	43136.0	16.0	428.0	6716.0	660.0	192.0	232.0	616.0	1304.0	3560.0	0.0	232.0	0.0	24.0	36.0	19408.0	232.0	308.0	424.0	128.0	184.0	1428.0	872.0
d__Bacteria;p__Firmicutes;c__Clostridia;o__Lachnospirales;f__Lachnospiraceae;g__uncultured	18836.0	5624.0	632.0	792.0	536.0	128.0	504.0	6700.0	652.0	1896.0	856.0	45068.0	1200.0	940.0	1464.0	1792.0	252.0	0.0	1040.0	932.0	2864.0	484.0	0.0	8624.0
d__Bacteria;p__Firmicutes;c__Clostridia;o__Christensenellales;f__Christensenellaceae;g__Christensenellaceae_R-7_group	0.0	44004.0	40.0	4836.0	10884.0	10236.0	1588.0	692.0	9288.0	30972.0	0.0	60.0	11408.0	4316.0	3904.0	32.0	46828.0	68.0	4144.0	2840.0	40.0	900.0	140.0	12212.0
d__Bacteria;p__Firmicutes;c__Bacilli;o__Bacillales;f__Planococcaceae;__	0.0	0.0	0.0	0.0	49744.0	0.0	3652.0	0.0	0.0	0.0	0.0	36.0	0.0	0.0	0.0	0.0	0.0	0.0	4.0	0.0	0.0	0.0	0.0	0.0
d__Bacteria;p__Actinobacteriota;c__Coriobacteriia;o__Coriobacteriales;f__Eggerthellaceae;g__Enterorhabdus	0.0	1408.0	4988.0	260.0	340.0	0.0	20.0	12.0	404.0	1352.0	0.0	0.0	248.0	4028.0	3024.0	0.0	1588.0	44.0	192.0	184.0	8.0	5048.0	36.0	26628.0
d__Bacteria;p__Verrucomicrobiota;c__Verrucomicrobiae;o__Verrucomicrobiales;f__Akkermansiaceae;g__Akkermansia	0.0	5480.0	272.0	444.0	3348.0	0.0	20.0	0.0	3696.0	1068.0	0.0	12.0	36.0	0.0	0.0	0.0	6976.0	0.0	52.0	188.0	22616.0	0.0	2624.0	1164.0
d__Bacteria;p__Firmicutes;c__Clostridia;o__Lachnospirales;f__Lachnospiraceae;g__Epulopiscium	0.0	0.0	0.0	0.0	28.0	0.0	0.0	0.0	748.0	0.0	0.0	0.0	0.0	0.0	0.0	0.0	0.0	0.0	8.0	43440.0	0.0	12.0	0.0	224.0
d__Bacteria;p__Firmicutes;c__Clostridia;o__Clostridia_UCG-014;f__Clostridia_UCG-014;g__Clostridia_UCG-014	0.0	47196.0	28.0	4.0	3760.0	0.0	1688.0	16.0	2080.0	8800.0	0.0	12.0	124.0	0.0	0.0	4.0	41512.0	0.0	2908.0	11956.0	16.0	676.0	0.0	1384.0
d__Bacteria;p__Firmicutes;c__Clostridia;o__Lachnospirales;f__Lachnospiraceae;g__Roseburia	436.0	8800.0	24.0	664.0	972.0	472.0	52.0	48.0	3796.0	984.0	80.0	20.0	424.0	188.0	364.0	56.0	604.0	1284.0	552.0	1940.0	64.0	1864.0	172.0	50728.0
d__Bacteria;p__Firmicutes;c__Clostridia;o__Lachnospirales;f__Lachnospiraceae;g__[Ruminococcus]_gnavus_group	24.0	0.0	1164.0	0.0	0.0	160.0	0.0	0.0	1280.0	0.0	8.0	256.0	0.0	0.0	0.0	0.0	0.0	72.0	0.0	0.0	0.0	0.0	8.0	31376.0
d__Bacteria;p__Firmicutes;c__Clostridia;o__Eubacteriales;f__Eubacteriaceae;g__Eubacterium	0.0	0.0	0.0	0.0	0.0	9568.0	0.0	2452.0	0.0	8680.0	0.0	44.0	6024.0	0.0	204.0	0.0	2896.0	0.0	0.0	0.0	0.0	316.0	0.0	3020.0
d__Bacteria;p__Bacteroidota;c__Bacteroidia;o__Bacteroidales;f__Rikenellaceae;g__Alistipes	4.0	21400.0	8.0	92.0	344.0	20.0	0.0	32.0	24.0	0.0	0.0	44.0	0.0	0.0	4.0	0.0	50988.0	420.0	204.0	0.0	272.0	260.0	884.0	5560.0
d__Bacteria;p__Firmicutes;c__Clostridia;o__Oscillospirales;f__Ruminococcaceae;g__Ruminococcus	0.0	2980.0	0.0	4020.0	2900.0	0.0	144.0	0.0	5940.0	36.0	2152.0	64.0	696.0	100.0	744.0	0.0	404.0	4.0	4704.0	648.0	3036.0	356.0	128.0	33068.0
d__Bacteria;p__Firmicutes;c__Clostridia;o__Oscillospirales;f__[Eubacterium]_coprostanoligenes_group;g__[Eubacterium]_coprostanoligenes_group	0.0	24192.0	28.0	508.0	720.0	212.0	516.0	732.0	160.0	356.0	1928.0	4.0	36.0	60.0	68.0	16.0	20024.0	100.0	2012.0	908.0	952.0	16.0	1200.0	324.0
d__Bacteria;p__Actinobacteriota;c__Coriobacteriia;o__Coriobacteriales;f__Eggerthellaceae;g__Adlercreutzia	0.0	796.0	700.0	9240.0	16.0	0.0	0.0	0.0	1696.0	780.0	12744.0	3648.0	464.0	3084.0	2892.0	0.0	184.0	0.0	2048.0	3524.0	2948.0	292.0	52.0	15524.0
d__Bacteria;p__Firmicutes;c__Bacilli;o__Erysipelotrichales;f__Erysipelotrichaceae;g__[Clostridium]_innocuum_group	192.0	12.0	16.0	116.0	0.0	848.0	8.0	68.0	188.0	17136.0	10924.0	1008.0	8.0	0.0	40.0	1128.0	4024.0	1240.0	20.0	0.0	208.0	0.0	0.0	3248.0
d__Bacteria;p__Bacteroidota;c__Bacteroidia;o__Bacteroidales;f__Bacteroidaceae;g__Bacteroides	272.0	36824.0	64.0	20.0	3308.0	14096.0	48.0	592.0	36.0	692.0	72.0	84.0	16.0	4.0	80.0	12.0	43788.0	284.0	192.0	0.0	2048.0	12.0	22064.0	2008.0
d__Bacteria;p__Firmicutes;c__Clostridia;o__Lachnospirales;f__Lachnospiraceae;g__Howardella	0.0	1116.0	0.0	4.0	0.0	8.0	352.0	0.0	404.0	6092.0	0.0	0.0	0.0	0.0	0.0	4.0	0.0	0.0	0.0	0.0	0.0	0.0	0.0	11472.0
d__Bacteria;p__Firmicutes;c__Bacilli;o__Erysipelotrichales;f__Erysipelotrichaceae;g__Faecalitalea	0.0	560.0	8.0	4.0	24.0	60.0	748.0	0.0	0.0	0.0	3124.0	484.0	16100.0	0.0	0.0	0.0	124.0	124.0	0.0	0.0	0.0	0.0	1344.0	1440.0
d__Bacteria;p__Bacteroidota;c__Bacteroidia;o__Bacteroidales;f__Barnesiellaceae;g__Barnesiella	0.0	1452.0	4.0	8.0	176.0	0.0	0.0	0.0	0.0	0.0	0.0	0.0	0.0	0.0	0.0	0.0	15260.0	0.0	4.0	0.0	256.0	0.0	0.0	76.0
d__Bacteria;p__Firmicutes;c__Clostridia;o__Oscillospirales;f__Ruminococcaceae;g__[Eubacterium]_siraeum_group	0.0	3560.0	12.0	620.0	2832.0	120.0	16.0	0.0	0.0	36.0	0.0	0.0	32.0	0.0	0.0	0.0	23620.0	0.0	104.0	68.0	0.0	0.0	28.0	320.0
d__Bacteria;p__Actinobacteriota;c__Coriobacteriia;o__Coriobacteriales;f__Eggerthellaceae;g__Senegalimassilia	0.0	4400.0	8.0	0.0	956.0	284.0	676.0	692.0	164.0	572.0	0.0	13084.0	60.0	252.0	0.0	76.0	16.0	0.0	0.0	0.0	0.0	1320.0	0.0	0.0
d__Bacteria;p__Actinobacteriota;c__Actinobacteria;o__Actinomycetales;f__Actinomycetaceae;g__Actinomyces	2612.0	212.0	2356.0	684.0	524.0	860.0	464.0	560.0	1368.0	1260.0	1036.0	2464.0	820.0	4632.0	24.0	632.0	0.0	112.0	160.0	5244.0	2120.0	416.0	88.0	1528.0
d__Bacteria;p__Bacteroidota;c__Bacteroidia;o__Bacteroidales;f__Tannerellaceae;g__Parabacteroides	32.0	2124.0	12.0	36.0	0.0	260.0	0.0	44.0	24.0	24.0	8.0	8.0	36.0	0.0	0.0	0.0	29632.0	20.0	32.0	0.0	56.0	0.0	752.0	0.0
d__Bacteria;p__Firmicutes;c__Bacilli;o__RF39;f__RF39;g__RF39	0.0	34092.0	8.0	4.0	1452.0	0.0	20.0	0.0	1308.0	2156.0	0.0	24.0	0.0	12.0	8.0	0.0	1964.0	0.0	836.0	3744.0	0.0	0.0	0.0	0.0
d__Bacteria;p__Actinobacteriota;c__Coriobacteriia;o__Coriobacteriales;f__Atopobiaceae;g__Libanicoccus	0.0	0.0	0.0	0.0	0.0	0.0	28.0	0.0	0.0	0.0	0.0	0.0	0.0	1804.0	2756.0	0.0	0.0	0.0	0.0	10364.0	0.0	0.0	0.0	0.0
d__Bacteria;p__Firmicutes;c__Clostridia;o__Lachnospirales;f__Lachnospiraceae;g__Fusicatenibacter	1180.0	5260.0	564.0	64.0	1644.0	0.0	0.0	16.0	64.0	0.0	164.0	364.0	0.0	2328.0	236.0	132.0	116.0	352.0	64.0	72.0	20.0	280.0	0.0	692.0
d__Bacteria;p__Firmicutes;c__Clostridia;o__Oscillospirales;f__Oscillospiraceae;g__UCG-005	0.0	15168.0	0.0	108.0	296.0	80.0	44.0	92.0	68.0	448.0	0.0	0.0	168.0	16.0	76.0	0.0	6652.0	4.0	200.0	216.0	12.0	16.0	0.0	888.0
d__Bacteria;p__Firmicutes;c__Clostridia;o__Peptostreptococcales-Tissierellales;f__Anaerovoracaceae;g__Family_XIII_AD3011_group	0.0	2348.0	232.0	3716.0	276.0	152.0	72.0	2424.0	908.0	2020.0	0.0	32.0	1028.0	128.0	588.0	300.0	920.0	220.0	648.0	2872.0	1256.0	236.0	108.0	980.0
d__Bacteria;p__Firmicutes;c__Clostridia;o__Lachnospirales;f__Lachnospiraceae;g__Moryella	7280.0	0.0	0.0	3124.0	4.0	0.0	0.0	0.0	0.0	8.0	648.0	0.0	0.0	8.0	0.0	0.0	0.0	168.0	4.0	0.0	0.0	0.0	160.0	0.0
d__Bacteria;p__Verrucomicrobiota;c__Lentisphaeria;o__Victivallales;f__Victivallaceae;g__Victivallis	0.0	12.0	0.0	0.0	0.0	0.0	0.0	0.0	0.0	0.0	0.0	0.0	0.0	0.0	0.0	0.0	11352.0	0.0	8.0	0.0	0.0	0.0	0.0	0.0
d__Bacteria;p__Firmicutes;c__Clostridia;o__Lachnospirales;f__Lachnospiraceae;g__[Eubacterium]_eligens_group	160.0	384.0	0.0	0.0	12.0	112.0	12.0	4.0	4.0	0.0	0.0	4.0	0.0	200.0	0.0	0.0	2812.0	0.0	0.0	72.0	28.0	40.0	9048.0	0.0
d__Bacteria;p__Firmicutes;c__Clostridia;o__Lachnospirales;f__Lachnospiraceae;g__[Ruminococcus]_gauvreauii_group	0.0	652.0	28.0	88.0	24.0	4.0	0.0	4.0	68.0	0.0	0.0	0.0	0.0	9428.0	1540.0	0.0	28.0	0.0	24.0	380.0	12.0	16.0	16.0	148.0
d__Bacteria;p__Firmicutes;c__Clostridia;o__Oscillospirales;f__Ruminococcaceae;g__Incertae_Sedis	32.0	640.0	1000.0	344.0	1796.0	304.0	292.0	444.0	20.0	56.0	76.0	28.0	44.0	24.0	544.0	24.0	14088.0	228.0	3988.0	64.0	108.0	4.0	1140.0	464.0
d__Bacteria;p__Actinobacteriota;c__Coriobacteriia;o__Coriobacteriales;f__Eggerthellaceae;g__Eggerthella	1304.0	0.0	732.0	176.0	48.0	740.0	8.0	144.0	92.0	208.0	880.0	4108.0	100.0	28.0	44.0	60.0	24.0	256.0	164.0	8.0	212.0	240.0	184.0	1368.0
d__Bacteria;p__Firmicutes;c__Clostridia;o__Oscillospirales;f__Oscillospiraceae;g__uncultured	0.0	5208.0	20.0	28.0	4.0	32.0	52.0	544.0	12.0	144.0	72.0	36.0	56.0	0.0	8.0	0.0	3832.0	0.0	60.0	0.0	100.0	4.0	128.0	172.0
d__Bacteria;p__Firmicutes;c__Clostridia;o__Peptostreptococcales-Tissierellales;f__Anaerovoracaceae;g__Mogibacterium	32.0	8.0	24.0	84.0	8.0	8.0	1904.0	0.0	20.0	24.0	0.0	72.0	24.0	3012.0	0.0	0.0	0.0	0.0	4.0	124.0	56.0	2724.0	0.0	6928.0
d__Bacteria;p__Firmicutes;c__Clostridia;o__Lachnospirales;f__Lachnospiraceae;g__Marvinbryantia	0.0	8428.0	304.0	412.0	104.0	4.0	60.0	560.0	32.0	24.0	0.0	0.0	20.0	60.0	636.0	264.0	484.0	24.0	60.0	156.0	56.0	20.0	0.0	1040.0
d__Bacteria;p__Actinobacteriota;c__Coriobacteriia;o__Coriobacteriales;f__Coriobacteriales_Incertae_Sedis;g__uncultured	9416.0	696.0	16.0	1404.0	48.0	0.0	16.0	132.0	0.0	376.0	0.0	0.0	36.0	468.0	308.0	0.0	12.0	0.0	292.0	60.0	736.0	0.0	44.0	0.0
d__Bacteria;p__Firmicutes;c__Clostridia;o__Oscillospirales;f__Ruminococcaceae;g__Faecalibacterium	396.0	5472.0	204.0	76.0	232.0	272.0	8.0	24.0	1156.0	4.0	244.0	0.0	220.0	372.0	928.0	20.0	684.0	64.0	280.0	396.0	400.0	1044.0	0.0	10264.0
d__Bacteria;p__Proteobacteria;c__Alphaproteobacteria;o__Rhodospirillales;f__uncultured;g__uncultured	256.0	6188.0	0.0	0.0	0.0	0.0	0.0	0.0	0.0	0.0	184.0	0.0	0.0	0.0	0.0	0.0	0.0	0.0	0.0	0.0	0.0	0.0	0.0	0.0
d__Bacteria;p__Firmicutes;c__Clostridia;o__Lachnospirales;f__Lachnospiraceae;g__Agathobacter	844.0	492.0	12.0	28.0	204.0	0.0	80.0	36.0	204.0	0.0	0.0	20.0	76.0	388.0	212.0	112.0	108.0	808.0	892.0	108.0	368.0	92.0	4.0	3688.0
d__Bacteria;p__Firmicutes;c__Bacilli;o__Erysipelotrichales;f__Erysipelotrichaceae;g__Merdibacter	0.0	504.0	0.0	280.0	24.0	0.0	0.0	0.0	4.0	132.0	340.0	0.0	0.0	0.0	0.0	0.0	5564.0	68.0	0.0	0.0	4.0	0.0	24.0	28.0
d__Bacteria;p__Firmicutes;c__Clostridia;o__Oscillospirales;f__Ruminococcaceae;g__UBA1819	140.0	504.0	4.0	192.0	436.0	388.0	16.0	60.0	32.0	108.0	32.0	156.0	4.0	4.0	16.0	0.0	968.0	2076.0	64.0	0.0	44.0	0.0	1024.0	216.0
d__Bacteria;p__Cyanobacteria;c__Vampirivibrionia;o__Gastranaerophilales;f__Gastranaerophilales;g__Gastranaerophilales	0.0	8.0	16.0	0.0	8.0	0.0	12.0	0.0	0.0	592.0	0.0	52.0	788.0	0.0	0.0	0.0	11072.0	0.0	28.0	4.0	1620.0	0.0	0.0	0.0
d__Bacteria;p__Firmicutes;c__Clostridia;o__Lachnospirales;f__Lachnospiraceae;g__Lactonifactor	0.0	0.0	0.0	92.0	0.0	16.0	0.0	0.0	32.0	100.0	0.0	4620.0	0.0	36.0	0.0	0.0	0.0	0.0	40.0	20.0	0.0	0.0	0.0	0.0
d__Bacteria;p__Firmicutes;c__Clostridia;o__Lachnospirales;f__Lachnospiraceae;g__Cellulosilyticum	4.0	0.0	0.0	0.0	0.0	0.0	0.0	0.0	0.0	0.0	0.0	0.0	0.0	0.0	0.0	0.0	0.0	0.0	0.0	32.0	0.0	0.0	0.0	4916.0
d__Bacteria;p__Actinobacteriota;c__Coriobacteriia;o__Coriobacteriales;f__Eggerthellaceae;g__Gordonibacter	692.0	416.0	0.0	32.0	4.0	484.0	0.0	812.0	452.0	588.0	0.0	56.0	52.0	0.0	372.0	108.0	44.0	128.0	460.0	2208.0	60.0	64.0	44.0	504.0
d__Bacteria;p__Bacteroidota;c__Bacteroidia;o__Bacteroidales;f__Prevotellaceae;g__uncultured	0.0	0.0	0.0	0.0	0.0	0.0	0.0	0.0	0.0	0.0	0.0	0.0	0.0	8.0	0.0	0.0	6128.0	0.0	0.0	0.0	0.0	0.0	0.0	0.0
d__Bacteria;p__Firmicutes;c__Clostridia;o__Oscillospirales;f__Ruminococcaceae;g__uncultured	0.0	3292.0	4.0	52.0	392.0	3560.0	44.0	0.0	4.0	224.0	68.0	0.0	100.0	0.0	8.0	0.0	3496.0	0.0	880.0	32.0	4.0	32.0	736.0	516.0
d__Bacteria;p__Firmicutes;c__Clostridia;o__Clostridia_vadinBB60_group;f__Clostridia_vadinBB60_group;g__Clostridia_vadinBB60_group	0.0	1652.0	0.0	104.0	24.0	0.0	12.0	0.0	416.0	96.0	0.0	0.0	12.0	0.0	0.0	0.0	4964.0	0.0	92.0	252.0	0.0	0.0	16.0	0.0
d__Bacteria;p__Firmicutes;c__Clostridia;o__Peptostreptococcales-Tissierellales;f__Peptostreptococcaceae;g__Paeniclostridium	0.0	0.0	4476.0	0.0	12.0	0.0	0.0	0.0	0.0	0.0	0.0	0.0	0.0	0.0	0.0	0.0	0.0	0.0	0.0	44.0	0.0	0.0	0.0	0.0
d__Bacteria;p__Firmicutes;c__Bacilli;o__Lactobacillales;f__Streptococcaceae;g__Lactococcus	12.0	0.0	0.0	12.0	300.0	1172.0	40.0	0.0	84.0	116.0	112.0	328.0	0.0	4.0	28.0	28.0	0.0	68.0	1056.0	4.0	84.0	200.0	116.0	36.0
d__Bacteria;p__Actinobacteriota;c__Actinobacteria;o__Corynebacteriales;f__Nocardiaceae;g__Rhodococcus	0.0	0.0	0.0	0.0	3980.0	0.0	0.0	0.0	0.0	0.0	0.0	0.0	0.0	0.0	12.0	0.0	0.0	0.0	0.0	0.0	0.0	0.0	0.0	0.0
d__Bacteria;p__Firmicutes;c__Clostridia;o__Oscillospirales;f__Oscillospiraceae;g__NK4A214_group	0.0	4308.0	0.0	184.0	260.0	40.0	20.0	3468.0	100.0	192.0	0.0	24.0	28.0	0.0	28.0	0.0	1988.0	88.0	124.0	180.0	176.0	24.0	664.0	136.0
d__Bacteria;p__Firmicutes;c__Clostridia;o__Lachnospirales;f__Lachnospiraceae;g__Sellimonas	0.0	8.0	36.0	640.0	0.0	344.0	0.0	0.0	0.0	824.0	8.0	512.0	0.0	0.0	0.0	0.0	2600.0	3252.0	0.0	0.0	0.0	136.0	508.0	24.0
d__Bacteria;p__Actinobacteriota;c__Coriobacteriia;o__Coriobacteriales;f__Atopobiaceae;g__uncultured	0.0	104.0	0.0	0.0	0.0	0.0	56.0	3340.0	0.0	736.0	0.0	8.0	16.0	352.0	104.0	0.0	0.0	0.0	928.0	332.0	0.0	268.0	0.0	0.0
d__Bacteria;p__Firmicutes;c__Bacilli;o__Lactobacillales;f__Lactobacillaceae;g__Pediococcus	0.0	0.0	76.0	4.0	0.0	1344.0	0.0	8.0	0.0	0.0	0.0	0.0	0.0	0.0	0.0	0.0	0.0	2016.0	4.0	0.0	4.0	216.0	0.0	0.0
d__Bacteria;p__Firmicutes;c__Bacilli;o__Lactobacillales;f__Carnobacteriaceae;g__Carnobacterium	0.0	2292.0	0.0	0.0	0.0	0.0	1004.0	0.0	0.0	0.0	0.0	0.0	0.0	0.0	0.0	0.0	0.0	0.0	0.0	0.0	0.0	0.0	0.0	0.0
d__Bacteria;p__Firmicutes;c__Clostridia;o__Monoglobales;f__Monoglobaceae;g__Monoglobus	352.0	3144.0	336.0	56.0	84.0	316.0	104.0	36.0	52.0	4.0	0.0	8.0	32.0	48.0	24.0	32.0	1004.0	8.0	24.0	68.0	252.0	8.0	0.0	212.0
d__Bacteria;p__Firmicutes;c__Clostridia;o__Oscillospirales;f__UCG-010;g__UCG-010	0.0	3356.0	0.0	0.0	504.0	0.0	48.0	0.0	24.0	220.0	0.0	0.0	8.0	0.0	12.0	0.0	4988.0	0.0	396.0	48.0	0.0	0.0	0.0	192.0
d__Bacteria;p__Firmicutes;c__Clostridia;o__Oscillospirales;f__Oscillospiraceae;__	0.0	2040.0	8.0	0.0	208.0	0.0	2072.0	0.0	184.0	156.0	16.0	0.0	8.0	4.0	24.0	0.0	1832.0	8.0	8.0	272.0	0.0	0.0	0.0	24.0
d__Bacteria;p__Proteobacteria;c__Gammaproteobacteria;o__Enterobacterales;f__Yersiniaceae;__	0.0	0.0	0.0	0.0	0.0	2724.0	0.0	0.0	0.0	0.0	0.0	0.0	0.0	0.0	0.0	0.0	0.0	0.0	0.0	0.0	0.0	0.0	40.0	0.0
d__Bacteria;p__Actinobacteriota;c__Actinobacteria;o__Micrococcales;f__Cellulomonadaceae;g__Oerskovia	0.0	0.0	0.0	0.0	2700.0	0.0	0.0	0.0	0.0	0.0	0.0	0.0	0.0	0.0	0.0	0.0	0.0	0.0	0.0	0.0	0.0	0.0	0.0	0.0
d__Bacteria;p__Firmicutes;c__Bacilli;o__Erysipelotrichales;f__Erysipelotrichaceae;g__Solobacterium	12.0	0.0	4.0	4.0	1384.0	0.0	208.0	0.0	956.0	8.0	4.0	40.0	380.0	4.0	0.0	0.0	0.0	0.0	4.0	12.0	16.0	0.0	0.0	4.0
d__Bacteria;p__Firmicutes;c__Bacilli;o__Erysipelotrichales;f__Erysipelotrichaceae;g__Dielma	12.0	40.0	0.0	0.0	60.0	412.0	0.0	0.0	0.0	0.0	0.0	0.0	0.0	0.0	0.0	0.0	2276.0	0.0	0.0	0.0	20.0	0.0	0.0	16.0
d__Bacteria;p__Firmicutes;c__Bacilli;o__Erysipelotrichales;f__Erysipelatoclostridiaceae;g__Erysipelatoclostridium	488.0	0.0	332.0	16.0	36.0	724.0	0.0	60.0	92.0	1240.0	2480.0	768.0	24.0	0.0	4.0	4.0	564.0	316.0	304.0	4.0	80.0	64.0	12.0	1096.0
d__Bacteria;p__Firmicutes;c__Clostridia;o__Peptococcales;f__Peptococcaceae;g__Peptococcus	0.0	8.0	0.0	28.0	0.0	8.0	0.0	0.0	0.0	0.0	0.0	52.0	0.0	0.0	2888.0	0.0	12.0	0.0	0.0	4.0	0.0	0.0	0.0	0.0
d__Bacteria;p__Firmicutes;c__Bacilli;o__Izemoplasmatales;f__Izemoplasmatales;g__Izemoplasmatales	0.0	2388.0	0.0	0.0	0.0	0.0	0.0	0.0	0.0	0.0	0.0	0.0	0.0	0.0	0.0	0.0	0.0	0.0	12.0	0.0	0.0	0.0	0.0	0.0
d__Bacteria;p__Firmicutes;c__Clostridia;o__Oscillospirales;f__Oscillospiraceae;g__Oscillibacter	48.0	592.0	4.0	244.0	44.0	0.0	4.0	8.0	24.0	0.0	56.0	52.0	80.0	0.0	12.0	0.0	3616.0	68.0	32.0	0.0	12.0	0.0	8.0	8.0
d__Bacteria;p__Firmicutes;c__Clostridia;o__Peptococcales;f__Peptococcaceae;g__uncultured	0.0	732.0	0.0	32.0	52.0	0.0	4.0	0.0	8.0	124.0	0.0	0.0	4.0	0.0	0.0	0.0	2804.0	0.0	704.0	8.0	0.0	56.0	0.0	24.0
d__Bacteria;p__Firmicutes;c__Bacilli;o__Erysipelotrichales;f__Erysipelatoclostridiaceae;g__Erysipelatoclostridiaceae	0.0	2296.0	0.0	0.0	0.0	0.0	0.0	0.0	0.0	72.0	0.0	0.0	0.0	0.0	0.0	0.0	0.0	0.0	0.0	0.0	0.0	0.0	0.0	84.0
d__Bacteria;p__Firmicutes;c__Clostridia;o__Eubacteriales;f__Anaerofustaceae;g__Anaerofustis	552.0	44.0	56.0	508.0	8.0	60.0	8.0	120.0	76.0	196.0	108.0	248.0	20.0	0.0	4.0	0.0	180.0	4.0	64.0	4.0	168.0	20.0	8.0	24.0
d__Bacteria;p__Actinobacteriota;c__Coriobacteriia;o__Coriobacteriales;f__Atopobiaceae;g__Olsenella	368.0	16.0	32.0	52.0	140.0	28.0	24.0	304.0	248.0	372.0	0.0	176.0	448.0	268.0	20.0	4.0	4.0	0.0	20.0	1180.0	16.0	572.0	0.0	524.0
d__Bacteria;p__Bacteroidota;c__Bacteroidia;o__Bacteroidales;f__Marinifilaceae;g__Butyricimonas	0.0	0.0	0.0	8.0	16.0	12.0	0.0	4.0	0.0	0.0	0.0	0.0	0.0	0.0	0.0	0.0	2136.0	0.0	0.0	0.0	0.0	0.0	0.0	0.0
d__Bacteria;p__Firmicutes;c__Bacilli;o__Erysipelotrichales;f__Erysipelotrichaceae;g__uncultured	0.0	80.0	0.0	0.0	160.0	0.0	36.0	0.0	0.0	0.0	0.0	0.0	0.0	0.0	0.0	0.0	1900.0	0.0	0.0	0.0	32.0	0.0	0.0	8.0
d__Bacteria;p__Actinobacteriota;c__Coriobacteriia;o__Coriobacteriales;f__uncultured;g__uncultured	0.0	0.0	0.0	1728.0	84.0	0.0	0.0	0.0	0.0	0.0	0.0	0.0	56.0	0.0	28.0	0.0	0.0	0.0	0.0	0.0	128.0	0.0	0.0	0.0
d__Bacteria;p__Actinobacteriota;c__Coriobacteriia;o__Coriobacteriales;f__Eggerthellaceae;g__Slackia	0.0	148.0	4.0	36.0	132.0	0.0	212.0	556.0	112.0	2216.0	0.0	0.0	0.0	384.0	1276.0	456.0	120.0	0.0	0.0	0.0	0.0	0.0	8.0	112.0
d__Bacteria;p__Verrucomicrobiota;c__Lentisphaeria;o__Victivallales;f__vadinBE97;g__vadinBE97	0.0	0.0	0.0	0.0	0.0	0.0	0.0	0.0	0.0	0.0	0.0	0.0	0.0	0.0	0.0	0.0	1912.0	0.0	0.0	0.0	0.0	0.0	0.0	0.0
d__Bacteria;p__Firmicutes;c__Clostridia;o__Oscillospirales;f__[Clostridium]_methylpentosum_group;g__[Clostridium]_methylpentosum_group	0.0	4.0	0.0	16.0	0.0	0.0	4.0	0.0	24.0	20.0	40.0	0.0	4.0	0.0	0.0	0.0	1120.0	4.0	0.0	0.0	0.0	0.0	8.0	996.0
d__Bacteria;p__Bacteroidota;c__Bacteroidia;o__Bacteroidales;f__Muribaculaceae;g__Muribaculaceae	0.0	2044.0	4.0	0.0	0.0	8.0	0.0	148.0	0.0	0.0	0.0	28.0	4.0	0.0	4.0	0.0	1804.0	0.0	0.0	0.0	0.0	0.0	0.0	0.0
d__Bacteria;p__Bacteroidota;c__Bacteroidia;o__Bacteroidales;f__Prevotellaceae;g__Prevotellaceae_NK3B31_group	0.0	0.0	0.0	0.0	0.0	0.0	0.0	132.0	0.0	0.0	0.0	0.0	1828.0	0.0	0.0	0.0	0.0	0.0	0.0	0.0	0.0	4.0	0.0	0.0
d__Bacteria;p__Firmicutes;c__Clostridia;o__Lachnospirales;f__Lachnospiraceae;g__Lachnospira	4.0	16.0	20.0	20.0	72.0	364.0	8.0	0.0	184.0	0.0	0.0	0.0	0.0	52.0	0.0	8.0	0.0	64.0	20.0	508.0	0.0	36.0	0.0	1072.0
d__Bacteria;p__Bacteroidota;c__Bacteroidia;o__Bacteroidales;f__Marinifilaceae;g__Odoribacter	0.0	816.0	0.0	12.0	4.0	4.0	0.0	12.0	0.0	28.0	0.0	0.0	0.0	0.0	0.0	0.0	1184.0	0.0	20.0	0.0	20.0	0.0	0.0	16.0
d__Bacteria;p__Firmicutes;c__Clostridia;o__Lachnospirales;f__Lachnospiraceae;g__Lachnospiraceae_UCG-001	0.0	0.0	0.0	0.0	64.0	8.0	0.0	0.0	1412.0	172.0	0.0	0.0	0.0	64.0	80.0	0.0	232.0	44.0	52.0	196.0	0.0	352.0	0.0	0.0
d__Bacteria;p__Firmicutes;c__Clostridia;o__Lachnospirales;f__Lachnospiraceae;g__Lachnospiraceae_NK4A136_group	0.0	224.0	144.0	544.0	480.0	872.0	4.0	1028.0	44.0	188.0	0.0	40.0	4.0	68.0	0.0	0.0	84.0	24.0	0.0	60.0	8.0	32.0	0.0	304.0
d__Bacteria;p__Proteobacteria;c__Gammaproteobacteria;o__Enterobacterales;f__Hafniaceae;g__Hafnia-Obesumbacterium	0.0	0.0	0.0	0.0	0.0	976.0	0.0	0.0	0.0	0.0	0.0	0.0	0.0	0.0	0.0	0.0	0.0	0.0	0.0	0.0	0.0	0.0	528.0	0.0
d__Bacteria;p__Firmicutes;c__Bacilli;o__Erysipelotrichales;f__Erysipelatoclostridiaceae;g__Coprobacillus	0.0	0.0	12.0	0.0	0.0	0.0	0.0	172.0	0.0	0.0	0.0	0.0	0.0	0.0	8.0	0.0	0.0	0.0	136.0	24.0	1152.0	0.0	0.0	0.0
d__Bacteria;p__Firmicutes;c__Clostridia;o__Peptostreptococcales-Tissierellales;f__Anaerovoracaceae;g__[Eubacterium]_brachy_group	40.0	8.0	64.0	172.0	20.0	512.0	16.0	24.0	148.0	60.0	328.0	20.0	20.0	172.0	0.0	0.0	396.0	80.0	56.0	4.0	232.0	20.0	1124.0	68.0
d__Bacteria;p__Firmicutes;c__Clostridia;o__Christensenellales;f__Christensenellaceae;g__Christensenella	0.0	216.0	4.0	56.0	8.0	760.0	12.0	116.0	0.0	0.0	0.0	0.0	4.0	0.0	0.0	0.0	1632.0	0.0	144.0	0.0	0.0	40.0	0.0	0.0
d__Bacteria;p__Firmicutes;c__Clostridia;o__Oscillospirales;f__Oscillospiraceae;g__Colidextribacter	0.0	692.0	8.0	4.0	1136.0	32.0	4.0	16.0	8.0	12.0	520.0	12.0	8.0	20.0	136.0	28.0	1052.0	24.0	508.0	32.0	808.0	0.0	20.0	120.0
d__Bacteria;p__Firmicutes;c__Clostridia;o__Peptostreptococcales-Tissierellales;f__Peptostreptococcales-Tissierellales;g__Parvimonas	76.0	4.0	104.0	156.0	16.0	20.0	4.0	92.0	8.0	4.0	24.0	64.0	12.0	64.0	0.0	0.0	0.0	8.0	0.0	0.0	28.0	0.0	0.0	1124.0
d__Bacteria;p__Firmicutes;c__Bacilli;o__Erysipelotrichales;f__Erysipelatoclostridiaceae;g__Catenibacterium	0.0	0.0	0.0	0.0	476.0	0.0	1532.0	0.0	0.0	0.0	0.0	0.0	0.0	0.0	0.0	0.0	0.0	0.0	0.0	0.0	0.0	0.0	0.0	0.0
d__Bacteria;p__Firmicutes;c__Clostridia;o__Lachnospirales;f__Lachnospiraceae;g__[Eubacterium]_xylanophilum_group	0.0	1784.0	0.0	0.0	0.0	0.0	0.0	0.0	32.0	24.0	0.0	0.0	4.0	0.0	4.0	0.0	160.0	0.0	4.0	72.0	0.0	28.0	0.0	148.0
d__Bacteria;p__Firmicutes;c__Bacilli;o__Lactobacillales;f__Leuconostocaceae;g__Leuconostoc	0.0	140.0	8.0	88.0	8.0	56.0	0.0	196.0	16.0	492.0	36.0	124.0	0.0	0.0	8.0	912.0	0.0	52.0	8.0	316.0	0.0	16.0	48.0	204.0
d__Bacteria;p__Proteobacteria;c__Gammaproteobacteria;o__Enterobacterales;f__Enterobacteriaceae;__	56.0	24.0	0.0	0.0	36.0	304.0	0.0	12.0	8.0	12.0	16.0	0.0	12.0	68.0	0.0	16.0	0.0	2804.0	0.0	28.0	28.0	8.0	0.0	20.0
d__Bacteria;p__Actinobacteriota;c__Actinobacteria;o__Actinomycetales;f__Actinomycetaceae;g__F0332	76.0	0.0	152.0	180.0	76.0	4.0	0.0	4.0	48.0	48.0	24.0	156.0	72.0	284.0	0.0	24.0	0.0	16.0	4.0	200.0	108.0	296.0	32.0	580.0
d__Archaea;p__Euryarchaeota;c__Methanobacteria;o__Methanobacteriales;f__Methanobacteriaceae;g__Methanobrevibacter	0.0	0.0	0.0	0.0	64.0	0.0	12.0	0.0	0.0	1776.0	0.0	0.0	0.0	0.0	0.0	0.0	304.0	0.0	4.0	0.0	0.0	0.0	0.0	4.0
d__Bacteria;p__Firmicutes;c__Clostridia;o__Lachnospirales;f__Lachnospiraceae;g__Tyzzerella	24.0	0.0	0.0	0.0	0.0	16.0	0.0	992.0	0.0	0.0	4.0	0.0	4.0	0.0	12.0	16.0	244.0	0.0	60.0	0.0	32.0	0.0	12.0	52.0
d__Bacteria;p__Bacteroidota;c__Bacteroidia;o__Bacteroidales;f__Rikenellaceae;g__Rikenellaceae_RC9_gut_group	0.0	0.0	0.0	0.0	32.0	0.0	740.0	0.0	0.0	0.0	0.0	0.0	0.0	0.0	0.0	0.0	392.0	0.0	0.0	0.0	0.0	0.0	0.0	0.0
d__Bacteria;p__Firmicutes;c__Clostridia;o__Christensenellales;f__Christensenellaceae;g__Christensenellaceae	0.0	12.0	0.0	384.0	100.0	208.0	8.0	0.0	0.0	204.0	0.0	0.0	0.0	0.0	44.0	0.0	976.0	0.0	0.0	0.0	0.0	0.0	0.0	0.0
d__Bacteria;p__Firmicutes;c__Clostridia;o__Oscillospirales;f__Butyricicoccaceae;g__Butyricicoccus	1164.0	240.0	8.0	0.0	40.0	52.0	0.0	0.0	0.0	4.0	32.0	72.0	0.0	72.0	28.0	0.0	120.0	12.0	0.0	48.0	164.0	0.0	112.0	92.0
d__Bacteria;p__Chloroflexi;c__Anaerolineae;o__Anaerolineales;f__Anaerolineaceae;g__Flexilinea	0.0	0.0	0.0	0.0	0.0	0.0	0.0	0.0	0.0	0.0	0.0	0.0	0.0	0.0	0.0	0.0	0.0	0.0	0.0	0.0	0.0	0.0	0.0	1012.0
d__Bacteria;p__Actinobacteriota;c__Actinobacteria;o__Micrococcales;f__Brevibacteriaceae;g__Brevibacterium	0.0	0.0	0.0	0.0	0.0	0.0	0.0	0.0	0.0	0.0	0.0	980.0	0.0	0.0	0.0	0.0	0.0	0.0	0.0	0.0	0.0	0.0	0.0	0.0
d__Bacteria;p__Firmicutes;c__Clostridia;o__Peptostreptococcales-Tissierellales;f__Peptostreptococcales-Tissierellales;g__Finegoldia	432.0	88.0	4.0	68.0	12.0	0.0	4.0	4.0	4.0	64.0	4.0	132.0	8.0	20.0	4.0	0.0	0.0	16.0	52.0	0.0	0.0	0.0	0.0	144.0
d__Bacteria;p__Firmicutes;c__Clostridia;o__Oscillospirales;f__Ruminococcaceae;g__CAG-352	0.0	884.0	0.0	0.0	0.0	0.0	4.0	0.0	0.0	0.0	0.0	0.0	0.0	0.0	0.0	0.0	32.0	0.0	0.0	0.0	0.0	0.0	0.0	0.0
d__Bacteria;p__Desulfobacterota;c__Desulfovibrionia;o__Desulfovibrionales;f__Desulfovibrionaceae;g__Desulfovibrio	0.0	0.0	0.0	0.0	0.0	0.0	0.0	0.0	0.0	0.0	0.0	0.0	0.0	0.0	0.0	0.0	888.0	0.0	0.0	0.0	0.0	0.0	0.0	20.0
d__Bacteria;p__Firmicutes;c__Negativicutes;o__Veillonellales-Selenomonadales;f__Veillonellaceae;g__Veillonella	0.0	4.0	0.0	0.0	4.0	48.0	0.0	0.0	0.0	4.0	0.0	0.0	4.0	0.0	0.0	0.0	0.0	28.0	0.0	0.0	0.0	0.0	732.0	32.0
d__Bacteria;p__Cyanobacteria;c__Sericytochromatia;o__Sericytochromatia;f__Sericytochromatia;g__Sericytochromatia	40.0	40.0	24.0	40.0	0.0	12.0	0.0	12.0	12.0	12.0	12.0	244.0	40.0	20.0	0.0	16.0	8.0	0.0	12.0	8.0	16.0	8.0	0.0	176.0
d__Bacteria;p__Firmicutes;c__Negativicutes;o__Veillonellales-Selenomonadales;f__Veillonellaceae;g__Dialister	72.0	152.0	4.0	60.0	0.0	52.0	0.0	0.0	0.0	0.0	444.0	0.0	0.0	0.0	0.0	0.0	0.0	0.0	28.0	28.0	0.0	16.0	0.0	52.0
d__Bacteria;p__Firmicutes;c__Clostridia;o__Lachnospirales;f__Lachnospiraceae;g__Hungatella	8.0	0.0	0.0	300.0	0.0	16.0	0.0	188.0	0.0	12.0	0.0	0.0	0.0	0.0	0.0	0.0	8.0	8.0	8.0	0.0	200.0	0.0	8.0	12.0
d__Bacteria;p__Proteobacteria;c__Gammaproteobacteria;o__Burkholderiales;f__Burkholderiaceae;g__Ralstonia	52.0	20.0	84.0	32.0	4.0	36.0	0.0	28.0	8.0	20.0	24.0	132.0	24.0	36.0	12.0	20.0	20.0	12.0	8.0	12.0	52.0	16.0	8.0	212.0
d__Bacteria;p__Actinobacteriota;c__Actinobacteria;o__Propionibacteriales;f__Propionibacteriaceae;g__Propionibacterium	4.0	12.0	0.0	4.0	208.0	0.0	0.0	0.0	0.0	4.0	0.0	120.0	8.0	0.0	256.0	20.0	4.0	12.0	0.0	0.0	16.0	4.0	0.0	88.0
d__Bacteria;p__Firmicutes;c__Clostridia;o__Lachnospirales;f__Lachnospiraceae;g__Eisenbergiella	0.0	0.0	0.0	0.0	0.0	664.0	40.0	0.0	8.0	24.0	0.0	0.0	0.0	0.0	12.0	0.0	28.0	64.0	16.0	184.0	0.0	0.0	12.0	12.0
d__Bacteria;p__Firmicutes;c__Clostridia;o__Oscillospirales;f__Ruminococcaceae;g__Pygmaiobacter	0.0	0.0	0.0	64.0	0.0	280.0	0.0	0.0	0.0	0.0	0.0	0.0	0.0	0.0	0.0	0.0	176.0	0.0	0.0	0.0	0.0	0.0	0.0	108.0
d__Bacteria;p__Actinobacteriota;c__Coriobacteriia;o__Coriobacteriales;f__Eggerthellaceae;g__Enteroscipio	0.0	0.0	0.0	0.0	0.0	0.0	0.0	0.0	0.0	0.0	0.0	0.0	0.0	0.0	0.0	0.0	0.0	536.0	0.0	0.0	0.0	76.0	0.0	0.0
d__Bacteria;p__Firmicutes;c__Bacilli;o__Bacillales;f__Planococcaceae;g__Sporosarcina	0.0	0.0	0.0	0.0	104.0	0.0	920.0	0.0	0.0	0.0	0.0	0.0	0.0	0.0	0.0	0.0	0.0	0.0	0.0	0.0	0.0	0.0	0.0	0.0
d__Bacteria;p__Verrucomicrobiota;c__Lentisphaeria;o__Victivallales;f__Victivallaceae;g__Victivallaceae	0.0	0.0	0.0	0.0	0.0	0.0	0.0	0.0	0.0	0.0	0.0	0.0	0.0	0.0	0.0	0.0	832.0	0.0	0.0	0.0	0.0	0.0	0.0	0.0
d__Bacteria;p__Firmicutes;c__Bacilli;o__Bacillales;f__Bacillaceae;g__Bacillus	8.0	0.0	0.0	0.0	796.0	0.0	56.0	24.0	0.0	0.0	12.0	72.0	0.0	0.0	8.0	0.0	0.0	0.0	0.0	0.0	16.0	0.0	0.0	12.0
d__Bacteria;p__Firmicutes;c__Clostridia;o__Peptostreptococcales-Tissierellales;f__Peptostreptococcales-Tissierellales;g__Peptoniphilus	324.0	136.0	4.0	196.0	56.0	8.0	8.0	20.0	8.0	52.0	8.0	728.0	32.0	28.0	0.0	296.0	4.0	24.0	100.0	36.0	28.0	8.0	8.0	160.0
d__Bacteria;p__Firmicutes;c__Negativicutes;o__Acidaminococcales;f__Acidaminococcaceae;g__Phascolarctobacterium	0.0	0.0	0.0	4.0	16.0	0.0	0.0	16.0	0.0	0.0	0.0	100.0	0.0	0.0	4.0	0.0	1140.0	0.0	0.0	0.0	20.0	0.0	0.0	0.0
d__Bacteria;p__Firmicutes;c__Clostridia;o__Peptostreptococcales-Tissierellales;f__Peptostreptococcaceae;g__Peptostreptococcus	156.0	0.0	80.0	104.0	0.0	0.0	32.0	60.0	0.0	0.0	4.0	104.0	0.0	20.0	0.0	0.0	0.0	8.0	4.0	0.0	8.0	0.0	0.0	196.0
d__Bacteria;p__Firmicutes;c__Clostridia;o__Christensenellales;f__Christensenellaceae;g__uncultured	0.0	156.0	0.0	40.0	52.0	12.0	4.0	0.0	0.0	36.0	0.0	32.0	0.0	0.0	0.0	0.0	1664.0	0.0	96.0	8.0	44.0	12.0	16.0	8.0
d__Bacteria;p__Firmicutes;c__Clostridia;o__Peptostreptococcales-Tissierellales;f__Peptostreptococcales-Tissierellales;g__Anaerococcus	116.0	12.0	0.0	4.0	32.0	4.0	0.0	12.0	8.0	212.0	0.0	108.0	0.0	12.0	8.0	0.0	0.0	64.0	16.0	12.0	20.0	0.0	0.0	4.0
d__Bacteria;p__Actinobacteriota;c__Actinobacteria;o__Corynebacteriales;f__Corynebacteriaceae;g__Corynebacterium	28.0	12.0	60.0	16.0	12.0	0.0	4.0	8.0	136.0	0.0	8.0	0.0	68.0	104.0	8.0	404.0	4.0	0.0	8.0	16.0	148.0	0.0	0.0	56.0
d__Bacteria;p__Firmicutes;c__Clostridia;o__Oscillospirales;f__Oscillospiraceae;g__UCG-003	0.0	348.0	0.0	0.0	76.0	0.0	0.0	0.0	0.0	52.0	0.0	0.0	0.0	0.0	0.0	0.0	0.0	0.0	0.0	0.0	0.0	0.0	0.0	36.0
d__Bacteria;p__Firmicutes;c__Bacilli;o__Lactobacillales;f__Carnobacteriaceae;g__Granulicatella	24.0	0.0	36.0	0.0	8.0	0.0	8.0	0.0	8.0	0.0	32.0	172.0	0.0	36.0	0.0	0.0	0.0	0.0	0.0	0.0	20.0	0.0	0.0	124.0
d__Bacteria;p__Firmicutes;c__Clostridia;o__Lachnospirales;f__Lachnospiraceae;g__[Eubacterium]_ventriosum_group	0.0	124.0	0.0	0.0	412.0	0.0	0.0	0.0	40.0	16.0	28.0	0.0	0.0	0.0	4.0	8.0	56.0	124.0	28.0	176.0	24.0	40.0	0.0	72.0
d__Bacteria;p__Firmicutes;c__Clostridia;o__Oscillospirales;f__Oscillospiraceae;g__Flavonifractor	12.0	344.0	0.0	20.0	0.0	0.0	12.0	4.0	8.0	0.0	36.0	36.0	4.0	0.0	0.0	0.0	536.0	64.0	0.0	0.0	0.0	0.0	0.0	24.0
d__Bacteria;p__Bacteroidota;c__Bacteroidia;o__Bacteroidales;f__Prevotellaceae;g__Prevotella	0.0	8.0	0.0	76.0	0.0	4.0	12.0	0.0	0.0	0.0	0.0	324.0	0.0	228.0	88.0	56.0	0.0	0.0	0.0	0.0	0.0	0.0	0.0	24.0
d__Bacteria;p__Firmicutes;c__Incertae_Sedis;o__DTU014;f__DTU014;g__DTU014	0.0	320.0	0.0	0.0	28.0	0.0	0.0	0.0	4.0	0.0	0.0	0.0	4.0	0.0	0.0	0.0	172.0	0.0	8.0	0.0	0.0	0.0	0.0	12.0
d__Bacteria;p__Firmicutes;c__Bacilli;o__Erysipelotrichales;f__Erysipelotrichaceae;g__Holdemania	0.0	472.0	4.0	20.0	4.0	16.0	0.0	0.0	0.0	0.0	0.0	12.0	0.0	0.0	0.0	0.0	68.0	4.0	0.0	0.0	32.0	0.0	4.0	4.0
d__Bacteria;p__Proteobacteria;c__Alphaproteobacteria;o__Rhizobiales;f__Rhizobiaceae;g__Mesorhizobium	0.0	0.0	4.0	4.0	0.0	0.0	0.0	28.0	16.0	0.0	0.0	20.0	0.0	16.0	20.0	4.0	8.0	0.0	0.0	32.0	24.0	24.0	4.0	148.0
d__Bacteria;p__Firmicutes;c__Bacilli;o__Staphylococcales;f__Gemellaceae;g__Gemella	0.0	0.0	52.0	32.0	16.0	4.0	8.0	0.0	8.0	0.0	4.0	84.0	0.0	68.0	0.0	0.0	0.0	12.0	0.0	24.0	0.0	0.0	0.0	0.0
d__Bacteria;p__Firmicutes;c__Clostridia;o__Eubacteriales;f__Eubacteriaceae;g__Pseudoramibacter	12.0	0.0	8.0	36.0	0.0	180.0	0.0	0.0	0.0	8.0	0.0	0.0	0.0	8.0	0.0	12.0	0.0	0.0	0.0	44.0	20.0	4.0	0.0	0.0
d__Bacteria;p__Firmicutes;c__Clostridia;o__Lachnospirales;f__Lachnospiraceae;g__Lachnospiraceae_ND3007_group	0.0	20.0	0.0	0.0	20.0	0.0	0.0	0.0	212.0	0.0	0.0	0.0	16.0	0.0	0.0	4.0	0.0	0.0	32.0	4.0	4.0	0.0	0.0	256.0
d__Bacteria;p__Firmicutes;c__Bacilli;o__Erysipelotrichales;f__Erysipelotrichaceae;g__Erysipelotrichaceae	0.0	0.0	0.0	0.0	0.0	36.0	0.0	0.0	0.0	280.0	0.0	0.0	0.0	0.0	0.0	0.0	12.0	0.0	0.0	0.0	0.0	0.0	0.0	16.0
d__Bacteria;p__Actinobacteriota;c__Actinobacteria;o__Bifidobacteriales;f__Bifidobacteriaceae;g__Scardovia	56.0	8.0	0.0	0.0	0.0	20.0	0.0	0.0	0.0	0.0	0.0	0.0	0.0	0.0	0.0	52.0	0.0	0.0	0.0	0.0	32.0	4.0	0.0	164.0
d__Bacteria;p__Actinobacteriota;c__Coriobacteriia;o__Coriobacteriales;f__Atopobiaceae;g__Coriobacteriaceae_UCG-002	8.0	0.0	0.0	148.0	0.0	0.0	8.0	0.0	0.0	0.0	0.0	0.0	0.0	0.0	32.0	0.0	0.0	0.0	0.0	0.0	92.0	0.0	0.0	0.0
d__Bacteria;p__Firmicutes;c__Clostridia;o__Oscillospirales;f__Ruminococcaceae;g__Negativibacillus	0.0	28.0	0.0	0.0	0.0	60.0	0.0	0.0	4.0	0.0	0.0	0.0	0.0	0.0	0.0	0.0	192.0	20.0	12.0	0.0	12.0	0.0	0.0	120.0
d__Bacteria;p__Proteobacteria;c__Gammaproteobacteria;o__Burkholderiales;f__Sutterellaceae;g__Sutterella	12.0	4.0	0.0	24.0	0.0	0.0	0.0	0.0	0.0	0.0	20.0	32.0	12.0	0.0	0.0	4.0	312.0	0.0	4.0	0.0	0.0	0.0	4.0	108.0
d__Bacteria;p__Proteobacteria;c__Gammaproteobacteria;o__Burkholderiales;f__Comamonadaceae;g__Curvibacter	16.0	20.0	24.0	8.0	0.0	20.0	0.0	0.0	20.0	12.0	0.0	40.0	0.0	0.0	0.0	20.0	0.0	0.0	0.0	0.0	12.0	0.0	0.0	88.0
d__Bacteria;p__Actinobacteriota;c__Coriobacteriia;o__Coriobacteriales;f__Coriobacteriales_Incertae_Sedis;g__Raoultibacter	0.0	0.0	0.0	0.0	36.0	0.0	4.0	108.0	0.0	0.0	0.0	0.0	96.0	0.0	0.0	0.0	0.0	0.0	24.0	0.0	0.0	0.0	0.0	0.0
d__Bacteria;p__Firmicutes;c__Clostridia;o__Oscillospirales;f__Oscillospiraceae;g__Oscillospira	0.0	12.0	0.0	0.0	208.0	0.0	0.0	0.0	8.0	0.0	0.0	0.0	44.0	0.0	0.0	0.0	236.0	0.0	16.0	0.0	0.0	0.0	0.0	0.0
d__Bacteria;p__Firmicutes;c__Negativicutes;o__Veillonellales-Selenomonadales;f__Veillonellaceae;g__Megasphaera	8.0	0.0	0.0	0.0	0.0	4.0	0.0	0.0	0.0	80.0	0.0	264.0	0.0	4.0	0.0	8.0	0.0	0.0	0.0	0.0	0.0	0.0	0.0	0.0
d__Bacteria;p__Firmicutes;c__Clostridia;o__Christensenellales;f__Christensenellaceae;__	0.0	44.0	0.0	4.0	8.0	0.0	0.0	24.0	48.0	168.0	0.0	0.0	24.0	0.0	8.0	0.0	244.0	0.0	108.0	0.0	0.0	0.0	20.0	8.0
d__Bacteria;p__Actinobacteriota;c__Coriobacteriia;o__Coriobacteriales;f__Coriobacteriaceae;g__Enorma	240.0	0.0	0.0	0.0	0.0	0.0	16.0	0.0	0.0	0.0	0.0	0.0	0.0	32.0	0.0	0.0	0.0	0.0	0.0	0.0	0.0	0.0	0.0	0.0
d__Bacteria;p__Proteobacteria;c__Gammaproteobacteria;o__Burkholderiales;f__Burkholderiaceae;g__Burkholderia-Caballeronia-Paraburkholderia	20.0	20.0	32.0	12.0	0.0	4.0	0.0	28.0	4.0	12.0	20.0	76.0	8.0	8.0	12.0	28.0	0.0	12.0	0.0	4.0	12.0	4.0	4.0	112.0
d__Bacteria;p__Proteobacteria;c__Gammaproteobacteria;o__Enterobacterales;f__Enterobacteriaceae;g__Raoultella	0.0	0.0	0.0	0.0	0.0	232.0	0.0	0.0	0.0	0.0	0.0	0.0	0.0	0.0	0.0	0.0	0.0	0.0	0.0	0.0	0.0	0.0	0.0	0.0
d__Bacteria;p__Firmicutes;c__Clostridia;o__Oscillospirales;f__Oscillospiraceae;g__Intestinimonas	0.0	64.0	0.0	0.0	48.0	0.0	0.0	0.0	0.0	0.0	8.0	0.0	0.0	0.0	0.0	4.0	308.0	0.0	0.0	0.0	0.0	0.0	0.0	4.0
d__Bacteria;p__Firmicutes;c__Clostridia;o__Lachnospirales;f__Lachnospiraceae;g__[Eubacterium]_fissicatena_group	0.0	0.0	8.0	12.0	12.0	136.0	12.0	4.0	32.0	44.0	0.0	80.0	0.0	0.0	4.0	0.0	20.0	36.0	4.0	0.0	0.0	0.0	0.0	0.0
d__Bacteria;p__Firmicutes;c__Clostridia;o__Oscillospirales;f__Ruminococcaceae;g__DTU089	0.0	0.0	0.0	0.0	48.0	0.0	0.0	0.0	8.0	0.0	56.0	0.0	4.0	0.0	0.0	0.0	52.0	12.0	12.0	0.0	4.0	0.0	0.0	32.0
d__Bacteria;p__Actinobacteriota;c__Actinobacteria;o__Bifidobacteriales;f__Bifidobacteriaceae;g__Alloscardovia	0.0	0.0	0.0	0.0	0.0	212.0	0.0	0.0	0.0	0.0	0.0	0.0	0.0	0.0	0.0	0.0	0.0	0.0	0.0	0.0	0.0	0.0	0.0	0.0
d__Bacteria;p__Firmicutes;c__Negativicutes;o__Veillonellales-Selenomonadales;f__Selenomonadaceae;g__Mitsuokella	0.0	0.0	0.0	0.0	0.0	16.0	0.0	0.0	72.0	0.0	0.0	0.0	0.0	44.0	212.0	0.0	0.0	0.0	0.0	48.0	0.0	0.0	0.0	0.0
d__Bacteria;p__Desulfobacterota;c__Desulfovibrionia;o__Desulfovibrionales;f__Desulfovibrionaceae;g__Bilophila	0.0	4.0	0.0	4.0	4.0	0.0	0.0	0.0	0.0	0.0	4.0	0.0	0.0	0.0	0.0	0.0	116.0	0.0	0.0	0.0	0.0	0.0	72.0	4.0
d__Bacteria;p__Firmicutes;c__Clostridia;o__Lachnospirales;f__Lachnospiraceae;g__Frisingicoccus	0.0	0.0	0.0	0.0	0.0	12.0	0.0	0.0	0.0	4.0	0.0	0.0	0.0	0.0	0.0	0.0	208.0	64.0	4.0	0.0	16.0	0.0	12.0	0.0
d__Bacteria;p__Firmicutes;c__Clostridia;o__Lachnospirales;f__Defluviitaleaceae;g__Defluviitaleaceae_UCG-011	0.0	16.0	0.0	4.0	4.0	0.0	8.0	32.0	12.0	0.0	0.0	0.0	0.0	0.0	0.0	0.0	124.0	24.0	24.0	16.0	0.0	0.0	4.0	20.0
d__Bacteria;p__Bacteroidota;c__Bacteroidia;o__Bacteroidales;f__Prevotellaceae;g__Alloprevotella	0.0	0.0	0.0	0.0	0.0	0.0	4.0	0.0	40.0	0.0	0.0	232.0	0.0	12.0	0.0	0.0	0.0	0.0	0.0	0.0	0.0	0.0	0.0	0.0
d__Bacteria;p__Firmicutes;c__Negativicutes;o__Acidaminococcales;f__Acidaminococcaceae;g__Acidaminococcus	0.0	0.0	4.0	0.0	0.0	0.0	0.0	0.0	0.0	0.0	0.0	44.0	4.0	4.0	0.0	4.0	0.0	0.0	8.0	0.0	128.0	0.0	0.0	0.0
d__Bacteria;p__Firmicutes;c__Clostridia;o__Oscillospirales;f__Ruminococcaceae;g__Candidatus_Soleaferrea	0.0	116.0	0.0	0.0	4.0	0.0	4.0	8.0	4.0	76.0	24.0	80.0	0.0	0.0	4.0	0.0	48.0	16.0	4.0	0.0	0.0	0.0	8.0	12.0
d__Bacteria;p__Firmicutes;c__Bacilli;o__Erysipelotrichales;f__Erysipelatoclostridiaceae;g__Asteroleplasma	0.0	176.0	0.0	0.0	0.0	0.0	0.0	0.0	0.0	0.0	0.0	0.0	0.0	0.0	0.0	0.0	0.0	0.0	0.0	0.0	0.0	0.0	0.0	0.0
d__Bacteria;p__Firmicutes;c__Clostridia;o__Lachnospirales;f__Lachnospiraceae;g__[Eubacterium]_ruminantium_group	0.0	0.0	0.0	0.0	0.0	0.0	0.0	0.0	172.0	0.0	0.0	0.0	0.0	0.0	0.0	0.0	0.0	0.0	0.0	0.0	0.0	0.0	0.0	0.0
d__Archaea;p__Euryarchaeota;c__Methanobacteria;o__Methanobacteriales;f__Methanobacteriaceae;g__Methanosphaera	0.0	0.0	0.0	0.0	0.0	0.0	0.0	0.0	0.0	0.0	0.0	0.0	0.0	0.0	0.0	0.0	0.0	0.0	0.0	0.0	0.0	0.0	0.0	264.0
d__Bacteria;p__Firmicutes;c__Clostridia;o__Oscillospirales;f__Ruminococcaceae;g__Paludicola	4.0	48.0	0.0	4.0	72.0	0.0	0.0	0.0	0.0	12.0	12.0	0.0	0.0	0.0	0.0	0.0	460.0	8.0	16.0	0.0	0.0	0.0	0.0	36.0
d__Bacteria;p__Firmicutes;c__Bacilli;o__Paenibacillales;f__Paenibacillaceae;g__Paenibacillus	0.0	0.0	0.0	0.0	360.0	0.0	0.0	0.0	0.0	0.0	0.0	0.0	0.0	0.0	0.0	0.0	0.0	0.0	0.0	0.0	0.0	0.0	0.0	0.0
d__Bacteria;p__Firmicutes;c__Clostridia;o__Lachnospirales;f__Lachnospiraceae;g__Lachnospiraceae_FCS020_group	0.0	72.0	0.0	0.0	48.0	0.0	0.0	0.0	4.0	68.0	8.0	0.0	4.0	0.0	4.0	20.0	156.0	20.0	16.0	4.0	8.0	12.0	0.0	68.0
d__Bacteria;p__Proteobacteria;c__Gammaproteobacteria;o__Aeromonadales;f__Succinivibrionaceae;g__Succinivibrio	0.0	0.0	0.0	0.0	0.0	0.0	0.0	0.0	0.0	0.0	0.0	232.0	0.0	0.0	0.0	0.0	0.0	0.0	0.0	0.0	0.0	0.0	0.0	0.0
d__Bacteria;p__Firmicutes;c__Clostridia;o__Oscillospirales;f__Ruminococcaceae;g__Fournierella	0.0	40.0	64.0	100.0	32.0	24.0	0.0	72.0	0.0	20.0	8.0	0.0	0.0	0.0	0.0	0.0	44.0	0.0	36.0	0.0	20.0	0.0	0.0	32.0
d__Bacteria;p__Actinobacteriota;c__Coriobacteriia;o__Coriobacteriales;f__Eggerthellaceae;__	0.0	76.0	8.0	12.0	12.0	8.0	20.0	0.0	20.0	40.0	60.0	0.0	20.0	64.0	24.0	0.0	84.0	0.0	8.0	0.0	32.0	8.0	0.0	140.0
d__Bacteria;p__Firmicutes;c__Clostridia;o__Lachnospirales;f__Lachnospiraceae;g__Lachnospiraceae_NK3A20_group	0.0	0.0	0.0	0.0	0.0	0.0	0.0	4.0	0.0	0.0	0.0	0.0	0.0	0.0	0.0	0.0	0.0	0.0	0.0	0.0	0.0	0.0	0.0	160.0
d__Bacteria;p__Firmicutes;c__Clostridia;o__Oscillospirales;f__Butyricicoccaceae;g__UCG-008	0.0	8.0	0.0	0.0	12.0	0.0	0.0	0.0	12.0	0.0	0.0	0.0	0.0	0.0	24.0	0.0	0.0	0.0	0.0	0.0	4.0	12.0	0.0	112.0
d__Bacteria;p__Firmicutes;c__Clostridia;o__Peptostreptococcales-Tissierellales;f__Anaerovoracaceae;g__[Eubacterium]_nodatum_group	12.0	8.0	12.0	76.0	12.0	24.0	0.0	8.0	4.0	12.0	0.0	32.0	4.0	4.0	0.0	0.0	104.0	0.0	4.0	44.0	0.0	0.0	0.0	4.0
d__Bacteria;p__Firmicutes;c__Clostridia;o__Lachnospirales;f__Lachnospiraceae;g__Lachnospiraceae_FE2018_group	0.0	0.0	0.0	0.0	8.0	0.0	0.0	0.0	0.0	0.0	0.0	4.0	0.0	0.0	0.0	0.0	212.0	4.0	0.0	0.0	0.0	0.0	0.0	0.0
d__Bacteria;p__Firmicutes;c__Clostridia;o__Clostridiales;f__Clostridiaceae;g__Clostridium_sensu_stricto_13	0.0	0.0	0.0	0.0	0.0	0.0	0.0	0.0	0.0	0.0	0.0	0.0	0.0	0.0	0.0	0.0	72.0	0.0	0.0	4.0	0.0	0.0	60.0	0.0
d__Bacteria;p__Firmicutes;c__Clostridia;o__Oscillospirales;f__uncultured;g__uncultured	0.0	20.0	0.0	0.0	4.0	0.0	0.0	0.0	0.0	0.0	0.0	0.0	0.0	0.0	0.0	12.0	132.0	0.0	0.0	8.0	0.0	0.0	0.0	0.0
d__Bacteria;p__Proteobacteria;c__Gammaproteobacteria;o__Burkholderiales;f__Comamonadaceae;__	20.0	16.0	12.0	0.0	0.0	0.0	0.0	4.0	0.0	0.0	4.0	32.0	0.0	4.0	0.0	0.0	0.0	8.0	4.0	0.0	0.0	8.0	0.0	20.0
d__Bacteria;p__Proteobacteria;c__Gammaproteobacteria;o__Burkholderiales;f__Oxalobacteraceae;g__Oxalobacter	0.0	56.0	0.0	20.0	0.0	0.0	0.0	0.0	0.0	0.0	16.0	0.0	0.0	0.0	0.0	0.0	0.0	0.0	0.0	0.0	0.0	0.0	0.0	0.0
d__Bacteria;p__Firmicutes;c__Clostridia;o__Lachnospirales;f__Lachnospiraceae;g__Lachnospiraceae_UCG-004	0.0	4.0	0.0	0.0	0.0	0.0	0.0	0.0	0.0	0.0	0.0	0.0	0.0	0.0	0.0	0.0	4.0	0.0	0.0	0.0	0.0	8.0	0.0	80.0
d__Bacteria;p__Firmicutes;c__Clostridia;o__Oscillospirales;f__Butyricicoccaceae;__	0.0	0.0	0.0	4.0	0.0	0.0	0.0	0.0	0.0	0.0	0.0	0.0	8.0	0.0	0.0	0.0	0.0	0.0	28.0	0.0	0.0	8.0	0.0	60.0
d__Bacteria;p__Firmicutes;c__Clostridia;o__Oscillospirales;f__Oscillospiraceae;g__Papillibacter	0.0	0.0	0.0	0.0	0.0	0.0	0.0	0.0	0.0	0.0	4.0	0.0	0.0	0.0	0.0	0.0	92.0	0.0	0.0	0.0	0.0	0.0	8.0	44.0
d__Bacteria;p__Firmicutes;c__Clostridia;o__Lachnospirales;f__Lachnospiraceae;g__CAG-56	0.0	12.0	0.0	0.0	0.0	0.0	0.0	0.0	0.0	0.0	0.0	0.0	0.0	0.0	0.0	0.0	0.0	0.0	36.0	20.0	0.0	0.0	0.0	40.0
d__Bacteria;p__Cyanobacteria;c__Cyanobacteriia;o__Chloroplast;f__Chloroplast;g__Chloroplast	32.0	8.0	0.0	0.0	4.0	16.0	0.0	0.0	0.0	4.0	0.0	0.0	4.0	44.0	4.0	44.0	0.0	0.0	20.0	16.0	36.0	0.0	0.0	48.0
d__Bacteria;p__Firmicutes;c__Clostridia;o__Lachnospirales;f__Lachnospiraceae;g__Anaerosporobacter	0.0	0.0	0.0	0.0	0.0	0.0	8.0	0.0	0.0	0.0	0.0	0.0	0.0	0.0	0.0	0.0	0.0	0.0	0.0	80.0	0.0	0.0	0.0	0.0
d__Bacteria;p__Firmicutes;c__Clostridia;o__Clostridiales;f__Clostridiaceae;g__Clostridium_sensu_stricto_12	0.0	0.0	0.0	0.0	20.0	0.0	0.0	0.0	0.0	0.0	0.0	20.0	0.0	0.0	28.0	0.0	0.0	0.0	0.0	8.0	0.0	0.0	0.0	0.0
d__Bacteria;p__Proteobacteria;c__Gammaproteobacteria;o__Burkholderiales;f__Sutterellaceae;g__Parasutterella	0.0	0.0	0.0	4.0	0.0	0.0	0.0	0.0	0.0	0.0	16.0	0.0	0.0	0.0	0.0	0.0	4.0	0.0	20.0	0.0	84.0	0.0	8.0	32.0
d__Bacteria;p__Firmicutes;c__Clostridia;o__Oscillospirales;__;__	0.0	372.0	0.0	12.0	128.0	0.0	24.0	0.0	36.0	20.0	16.0	0.0	0.0	0.0	0.0	0.0	264.0	0.0	48.0	0.0	4.0	4.0	8.0	12.0
d__Bacteria;p__Bacteroidota;c__Bacteroidia;o__Bacteroidales;f__Prevotellaceae;g__Paraprevotella	0.0	0.0	0.0	0.0	0.0	0.0	0.0	4.0	0.0	48.0	0.0	56.0	0.0	0.0	0.0	0.0	0.0	0.0	0.0	0.0	0.0	0.0	0.0	0.0
d__Bacteria;p__Firmicutes;c__Clostridia;o__Clostridia;f__Hungateiclostridiaceae;g__Ruminiclostridium	0.0	0.0	0.0	0.0	0.0	0.0	0.0	0.0	0.0	0.0	0.0	0.0	0.0	0.0	0.0	0.0	72.0	0.0	4.0	0.0	0.0	0.0	0.0	4.0
d__Bacteria;p__Firmicutes;c__Clostridia;o__Oscillospirales;f__Oscillospiraceae;g__UCG-007	0.0	16.0	0.0	0.0	0.0	0.0	0.0	0.0	0.0	4.0	0.0	0.0	0.0	0.0	0.0	0.0	100.0	0.0	4.0	0.0	0.0	0.0	0.0	8.0
d__Bacteria;p__Actinobacteriota;c__Actinobacteria;o__Actinomycetales;f__Actinomycetaceae;g__Actinobaculum	68.0	0.0	0.0	0.0	0.0	0.0	0.0	0.0	0.0	0.0	0.0	0.0	0.0	0.0	0.0	0.0	0.0	0.0	0.0	0.0	0.0	0.0	0.0	0.0
d__Bacteria;p__Firmicutes;c__Clostridia;o__Lachnospirales;f__Lachnospiraceae;g__Lachnospiraceae_UCG-002	0.0	0.0	0.0	0.0	0.0	0.0	0.0	0.0	0.0	64.0	0.0	0.0	0.0	0.0	0.0	0.0	0.0	0.0	0.0	0.0	0.0	0.0	0.0	0.0
d__Bacteria;p__Firmicutes;c__Clostridia;o__Peptostreptococcales-Tissierellales;f__Anaerovoracaceae;g__Family_XIII_UCG-001	0.0	4.0	0.0	0.0	4.0	0.0	0.0	0.0	0.0	0.0	0.0	0.0	0.0	0.0	0.0	0.0	116.0	0.0	0.0	0.0	0.0	0.0	0.0	0.0
d__Bacteria;p__Firmicutes;c__Clostridia;o__Oscillospirales;f__Ruminococcaceae;g__Anaerotruncus	0.0	8.0	0.0	0.0	8.0	0.0	0.0	12.0	0.0	8.0	24.0	0.0	0.0	0.0	0.0	0.0	76.0	0.0	0.0	8.0	4.0	0.0	4.0	8.0
d__Bacteria;p__Firmicutes;c__Clostridia;o__Peptostreptococcales-Tissierellales;f__Peptostreptococcales-Tissierellales;g__Ezakiella	0.0	0.0	0.0	0.0	4.0	0.0	4.0	0.0	0.0	0.0	0.0	0.0	0.0	0.0	0.0	0.0	0.0	0.0	0.0	0.0	0.0	0.0	0.0	64.0
d__Bacteria;p__Firmicutes;c__Clostridia;o__Lachnospirales;f__Lachnospiraceae;g__Lachnospiraceae_UCG-007	0.0	0.0	0.0	0.0	0.0	96.0	0.0	8.0	0.0	0.0	0.0	0.0	0.0	0.0	0.0	0.0	0.0	0.0	0.0	0.0	0.0	0.0	0.0	0.0
d__Bacteria;p__Firmicutes;c__Clostridia;o__Oscillospirales;f__Oscillospirales;g__Hydrogenoanaerobacterium	0.0	0.0	0.0	0.0	0.0	56.0	0.0	0.0	4.0	0.0	0.0	0.0	0.0	0.0	0.0	0.0	0.0	0.0	0.0	0.0	0.0	0.0	0.0	0.0
d__Bacteria;p__Firmicutes;c__Clostridia;o__Clostridiales;f__Clostridiaceae;g__Sarcina	0.0	0.0	0.0	0.0	0.0	0.0	0.0	8.0	0.0	0.0	0.0	44.0	0.0	0.0	0.0	0.0	0.0	0.0	0.0	0.0	0.0	8.0	0.0	0.0
d__Bacteria;p__Firmicutes;c__Clostridia;o__Oscillospirales;f__Oscillospiraceae;g__Sporobacter	0.0	40.0	0.0	0.0	0.0	0.0	0.0	0.0	0.0	0.0	0.0	0.0	0.0	0.0	0.0	0.0	60.0	0.0	0.0	0.0	0.0	0.0	0.0	0.0
d__Bacteria;p__Firmicutes;c__Clostridia;o__Oscillospirales;f__Oscillospiraceae;g__V9D2013_group	0.0	0.0	0.0	0.0	0.0	0.0	0.0	0.0	0.0	0.0	0.0	0.0	0.0	0.0	0.0	0.0	80.0	0.0	0.0	0.0	0.0	0.0	0.0	0.0
d__Bacteria;p__Proteobacteria;c__Gammaproteobacteria;o__Xanthomonadales;f__Rhodanobacteraceae;g__Dyella	8.0	8.0	8.0	0.0	0.0	0.0	0.0	0.0	0.0	0.0	12.0	24.0	0.0	0.0	4.0	0.0	0.0	0.0	0.0	0.0	16.0	0.0	0.0	0.0
d__Bacteria;p__Firmicutes;c__Clostridia;o__Lachnospirales;f__Lachnospiraceae;g__Lachnospiraceae	0.0	56.0	0.0	0.0	0.0	0.0	0.0	0.0	12.0	0.0	0.0	0.0	0.0	0.0	0.0	0.0	0.0	0.0	0.0	0.0	0.0	0.0	12.0	0.0
d__Bacteria;p__Actinobacteriota;c__Coriobacteriia;o__Coriobacteriales;f__Atopobiaceae;g__Atopobium	4.0	0.0	20.0	0.0	0.0	4.0	4.0	0.0	0.0	16.0	4.0	16.0	0.0	4.0	8.0	12.0	0.0	0.0	0.0	36.0	12.0	0.0	0.0	40.0
d__Bacteria;p__Actinobacteriota;c__Coriobacteriia;o__Coriobacteriales;f__Eggerthellaceae;g__CHKCI002	24.0	0.0	4.0	0.0	0.0	0.0	0.0	0.0	0.0	0.0	8.0	0.0	0.0	12.0	0.0	0.0	0.0	4.0	0.0	0.0	0.0	0.0	0.0	12.0
d__Bacteria;p__Actinobacteriota;c__Actinobacteria;o__Actinomycetales;f__Actinomycetaceae;g__Varibaculum	12.0	0.0	0.0	0.0	12.0	0.0	0.0	0.0	0.0	16.0	4.0	12.0	0.0	0.0	0.0	0.0	8.0	0.0	4.0	0.0	16.0	0.0	4.0	8.0
d__Bacteria;p__Firmicutes;c__Clostridia;o__Lachnospirales;f__Lachnospiraceae;g__Lachnospiraceae_NK4B4_group	0.0	4.0	0.0	0.0	0.0	0.0	0.0	0.0	0.0	0.0	0.0	0.0	0.0	0.0	0.0	0.0	48.0	0.0	0.0	0.0	0.0	0.0	0.0	0.0
d__Bacteria;p__Firmicutes;c__Bacilli;o__Staphylococcales;f__Staphylococcaceae;g__Staphylococcus	0.0	0.0	0.0	0.0	0.0	12.0	0.0	4.0	0.0	8.0	12.0	40.0	0.0	8.0	12.0	4.0	0.0	0.0	0.0	0.0	0.0	0.0	0.0	0.0
d__Bacteria;p__Firmicutes;c__Clostridia;o__Lachnospirales;f__Lachnospiraceae;g__Anaerostignum	0.0	0.0	0.0	0.0	0.0	4.0	0.0	0.0	0.0	0.0	0.0	0.0	0.0	0.0	0.0	0.0	52.0	0.0	0.0	0.0	0.0	0.0	0.0	0.0
d__Bacteria;p__Bacteroidota;c__Bacteroidia;o__Bacteroidales;f__Barnesiellaceae;g__Coprobacter	0.0	92.0	0.0	0.0	44.0	0.0	0.0	0.0	0.0	0.0	0.0	0.0	0.0	0.0	0.0	0.0	0.0	0.0	0.0	0.0	0.0	0.0	0.0	0.0
d__Bacteria;p__Firmicutes;c__Clostridia;o__Oscillospirales;f__Ruminococcaceae;g__Anaerofilum	0.0	92.0	0.0	0.0	0.0	0.0	0.0	8.0	0.0	0.0	0.0	0.0	0.0	0.0	0.0	0.0	56.0	0.0	4.0	0.0	0.0	0.0	0.0	0.0
d__Bacteria;p__Firmicutes;c__Bacilli;o__Lactobacillales;f__Leuconostocaceae;g__Weissella	0.0	0.0	44.0	0.0	0.0	8.0	0.0	0.0	8.0	0.0	4.0	0.0	0.0	0.0	0.0	24.0	0.0	0.0	0.0	0.0	0.0	16.0	4.0	0.0
d__Bacteria;p__Firmicutes;c__Clostridia;o__Lachnospirales;f__Lachnospiraceae;g__Shuttleworthia	0.0	0.0	4.0	0.0	0.0	0.0	0.0	0.0	0.0	52.0	0.0	4.0	0.0	0.0	0.0	0.0	28.0	0.0	0.0	0.0	0.0	0.0	12.0	0.0
d__Bacteria;p__Firmicutes;c__Clostridia;o__Oscillospirales;f__Ruminococcaceae;g__Angelakisella	0.0	0.0	0.0	0.0	0.0	0.0	0.0	0.0	0.0	0.0	0.0	0.0	0.0	0.0	0.0	0.0	48.0	0.0	0.0	0.0	0.0	0.0	0.0	0.0
d__Bacteria;p__Proteobacteria;c__Alphaproteobacteria;o__Rhizobiales;f__Xanthobacteraceae;g__Bradyrhizobium	12.0	0.0	4.0	0.0	0.0	4.0	0.0	4.0	0.0	0.0	8.0	24.0	0.0	0.0	0.0	0.0	4.0	0.0	0.0	0.0	0.0	4.0	0.0	16.0
d__Bacteria;p__Actinobacteriota;c__Actinobacteria;o__Actinomycetales;f__Actinomycetaceae;g__Mobiluncus	0.0	0.0	0.0	0.0	12.0	4.0	0.0	8.0	12.0	4.0	0.0	0.0	0.0	0.0	0.0	0.0	0.0	4.0	8.0	0.0	20.0	0.0	0.0	4.0
d__Bacteria;p__Firmicutes;c__Negativicutes;o__Veillonellales-Selenomonadales;f__Selenomonadaceae;g__Megamonas	0.0	0.0	0.0	0.0	0.0	0.0	0.0	0.0	0.0	0.0	0.0	0.0	76.0	0.0	0.0	0.0	0.0	0.0	0.0	0.0	0.0	0.0	0.0	0.0
d__Bacteria;p__Firmicutes;c__Clostridia;o__Caldicoprobacterales;f__Caldicoprobacteraceae;g__Caldicoprobacter	0.0	0.0	0.0	0.0	0.0	0.0	0.0	0.0	0.0	0.0	0.0	0.0	0.0	0.0	0.0	0.0	44.0	0.0	0.0	0.0	0.0	0.0	0.0	0.0
d__Bacteria;p__Verrucomicrobiota;c__Verrucomicrobiae;o__Opitutales;f__Puniceicoccaceae;g__uncultured	0.0	0.0	0.0	0.0	0.0	0.0	0.0	0.0	0.0	0.0	0.0	0.0	0.0	0.0	0.0	0.0	44.0	0.0	0.0	0.0	0.0	0.0	0.0	0.0
d__Bacteria;p__Proteobacteria;c__Gammaproteobacteria;o__Pasteurellales;f__Pasteurellaceae;g__Haemophilus	0.0	0.0	0.0	0.0	4.0	0.0	0.0	0.0	0.0	0.0	0.0	0.0	0.0	0.0	0.0	0.0	4.0	0.0	0.0	8.0	0.0	0.0	84.0	16.0
d__Bacteria;p__Firmicutes;c__Clostridia;o__Lachnospirales;f__Lachnospiraceae;g__Lachnospiraceae_UCG-010	0.0	40.0	0.0	0.0	0.0	4.0	0.0	0.0	0.0	0.0	0.0	0.0	0.0	0.0	0.0	0.0	0.0	0.0	0.0	0.0	0.0	0.0	0.0	0.0
d__Bacteria;p__Actinobacteriota;c__Actinobacteria;o__Propionibacteriales;f__Propionibacteriaceae;g__Cutibacterium	0.0	12.0	0.0	16.0	0.0	0.0	0.0	0.0	0.0	8.0	0.0	4.0	4.0	0.0	16.0	0.0	8.0	0.0	0.0	0.0	0.0	0.0	0.0	0.0
d__Bacteria;p__Actinobacteriota;c__Actinobacteria;o__Micrococcales;f__Cellulomonadaceae;__	0.0	0.0	0.0	0.0	48.0	0.0	0.0	0.0	0.0	0.0	0.0	0.0	0.0	0.0	0.0	0.0	0.0	0.0	0.0	0.0	0.0	0.0	0.0	0.0
d__Bacteria;p__Firmicutes;c__Clostridia;o__Lachnospirales;f__Lachnospiraceae;g__Lachnospiraceae_UCG-003	0.0	0.0	0.0	0.0	0.0	0.0	0.0	0.0	36.0	0.0	0.0	0.0	0.0	0.0	0.0	0.0	0.0	0.0	0.0	0.0	0.0	0.0	0.0	0.0
d__Bacteria;p__Firmicutes;c__Clostridia;o__Lachnospirales;f__Lachnospiraceae;g__GCA-900066575	0.0	0.0	0.0	0.0	0.0	8.0	0.0	12.0	0.0	16.0	0.0	0.0	0.0	0.0	0.0	0.0	20.0	0.0	0.0	0.0	0.0	0.0	0.0	0.0
d__Bacteria;__;__;__;__;__	36.0	124.0	36.0	4.0	144.0	28.0	28.0	0.0	76.0	52.0	48.0	4.0	8.0	44.0	56.0	20.0	164.0	40.0	16.0	0.0	28.0	4.0	0.0	44.0
d__Bacteria;p__Proteobacteria;c__Alphaproteobacteria;o__Rhizobiales;f__Rhizobiaceae;g__Allorhizobium-Neorhizobium-Pararhizobium-Rhizobium	8.0	0.0	0.0	0.0	0.0	0.0	0.0	0.0	0.0	0.0	0.0	12.0	0.0	0.0	0.0	0.0	0.0	8.0	0.0	0.0	4.0	0.0	0.0	12.0
d__Bacteria;p__Firmicutes;c__Clostridia;o__Peptostreptococcales-Tissierellales;f__Peptostreptococcales-Tissierellales;g__Fenollaria	0.0	36.0	0.0	0.0	4.0	0.0	0.0	0.0	0.0	12.0	0.0	0.0	0.0	0.0	0.0	0.0	0.0	0.0	0.0	0.0	0.0	0.0	0.0	0.0
d__Bacteria;p__Firmicutes;c__Bacilli;o__Lactobacillales;f__Enterococcaceae;g__Tetragenococcus	0.0	56.0	0.0	0.0	0.0	0.0	0.0	0.0	0.0	0.0	0.0	0.0	0.0	0.0	0.0	0.0	0.0	0.0	0.0	0.0	0.0	0.0	0.0	0.0
d__Bacteria;p__Firmicutes;c__Clostridia;o__Lachnospirales;f__Lachnospiraceae;g__Lachnospiraceae_UCG-008	340.0	1472.0	280.0	32.0	1136.0	48.0	700.0	64.0	580.0	528.0	220.0	8.0	108.0	232.0	196.0	204.0	136.0	60.0	80.0	0.0	52.0	8.0	16.0	424.0
d__Bacteria;p__Firmicutes;c__Clostridia;o__Peptostreptococcales-Tissierellales;f__Anaerovoracaceae;g__[Eubacterium]_saphenum_group	0.0	0.0	0.0	0.0	0.0	0.0	0.0	0.0	0.0	0.0	0.0	28.0	4.0	0.0	0.0	0.0	0.0	0.0	0.0	4.0	0.0	0.0	0.0	0.0
d__Bacteria;p__Firmicutes;c__Clostridia;o__Peptostreptococcales-Tissierellales;f__Peptostreptococcales-Tissierellales;g__Murdochiella	24.0	16.0	0.0	0.0	0.0	0.0	0.0	0.0	0.0	0.0	0.0	0.0	0.0	0.0	0.0	0.0	0.0	0.0	0.0	0.0	0.0	0.0	0.0	0.0
d__Bacteria;p__Firmicutes;c__Clostridia;o__Lachnospirales;f__Lachnospiraceae;g__GCA-900066755	0.0	0.0	0.0	24.0	0.0	0.0	0.0	0.0	0.0	0.0	0.0	0.0	0.0	0.0	0.0	0.0	0.0	0.0	0.0	0.0	0.0	0.0	0.0	0.0
d__Bacteria;p__Firmicutes;__;__;__;__	108.0	480.0	72.0	8.0	1020.0	68.0	232.0	20.0	180.0	228.0	60.0	0.0	44.0	56.0	84.0	72.0	140.0	44.0	20.0	0.0	32.0	8.0	0.0	136.0
d__Bacteria;p__Actinobacteriota;c__Actinobacteria;o__Micrococcales;__;__	0.0	0.0	0.0	0.0	84.0	0.0	0.0	0.0	0.0	0.0	0.0	0.0	0.0	0.0	0.0	0.0	0.0	0.0	0.0	0.0	0.0	0.0	0.0	0.0
d__Bacteria;p__Firmicutes;c__Clostridia;o__Peptostreptococcales-Tissierellales;f__Peptostreptococcaceae;__	68.0	24.0	92.0	0.0	1096.0	168.0	24.0	32.0	580.0	64.0	56.0	0.0	56.0	72.0	80.0	4.0	28.0	4.0	104.0	72.0	0.0	80.0	44.0	376.0
d__Bacteria;p__Firmicutes;c__Clostridia;o__Lachnospirales;f__Lachnospiraceae;g__Butyrivibrio	0.0	0.0	0.0	0.0	28.0	0.0	4.0	0.0	0.0	12.0	0.0	0.0	0.0	0.0	0.0	0.0	0.0	0.0	0.0	0.0	0.0	0.0	0.0	0.0
d__Bacteria;p__Actinobacteriota;c__Actinobacteria;o__Actinomycetales;f__Actinomycetaceae;g__Actinotignum	0.0	0.0	0.0	0.0	0.0	0.0	0.0	24.0	0.0	0.0	0.0	0.0	0.0	0.0	0.0	0.0	0.0	0.0	0.0	0.0	0.0	0.0	0.0	0.0
d__Bacteria;p__Firmicutes;c__Clostridia;__;__;__	76.0	848.0	36.0	8.0	856.0	56.0	200.0	0.0	444.0	428.0	104.0	8.0	44.0	40.0	68.0	8.0	468.0	16.0	120.0	0.0	16.0	24.0	8.0	212.0
d__Bacteria;p__Firmicutes;c__Clostridia;o__Lachnospirales;f__Lachnospiraceae;g__CHKCI001	0.0	0.0	0.0	0.0	0.0	0.0	0.0	0.0	0.0	0.0	0.0	0.0	0.0	0.0	0.0	0.0	24.0	0.0	0.0	0.0	0.0	0.0	4.0	0.0
d__Bacteria;p__Firmicutes;c__Clostridia;o__Oscillospirales;f__UCG-011;g__UCG-011	0.0	256.0	0.0	8.0	272.0	8.0	100.0	0.0	140.0	148.0	0.0	0.0	92.0	12.0	36.0	0.0	160.0	0.0	24.0	0.0	0.0	4.0	0.0	40.0
d__Bacteria;p__Firmicutes;c__Bacilli;o__Erysipelotrichales;f__Erysipelatoclostridiaceae;__	44.0	40.0	44.0	12.0	16.0	0.0	4.0	0.0	4.0	0.0	4.0	0.0	20.0	44.0	8.0	0.0	0.0	0.0	12.0	0.0	8.0	4.0	0.0	0.0
d__Bacteria;p__Firmicutes;c__Bacilli;__;__;__	16.0	108.0	68.0	8.0	292.0	16.0	100.0	16.0	64.0	36.0	0.0	0.0	8.0	4.0	8.0	4.0	36.0	4.0	20.0	0.0	8.0	4.0	0.0	28.0
d__Bacteria;p__Firmicutes;c__Bacilli;o__Lactobacillales;f__Aerococcaceae;g__Abiotrophia	0.0	0.0	4.0	4.0	0.0	0.0	0.0	0.0	0.0	0.0	8.0	4.0	0.0	0.0	0.0	0.0	0.0	0.0	0.0	0.0	0.0	0.0	0.0	12.0
d__Bacteria;p__Actinobacteriota;c__Actinobacteria;o__Actinomycetales;f__Actinomycetaceae;g__Arcanobacterium	0.0	0.0	0.0	20.0	0.0	0.0	0.0	0.0	0.0	0.0	0.0	0.0	0.0	0.0	0.0	0.0	0.0	0.0	0.0	0.0	0.0	0.0	0.0	0.0
d__Bacteria;p__Firmicutes;c__Clostridia;o__Lachnospirales;f__Lachnospiraceae;g__Lachnospiraceae_NC2004_group	44.0	240.0	20.0	4.0	144.0	16.0	56.0	0.0	68.0	24.0	28.0	0.0	24.0	8.0	8.0	0.0	68.0	12.0	8.0	0.0	4.0	8.0	0.0	60.0
d__Bacteria;p__Firmicutes;c__Clostridia;o__Peptostreptococcales-Tissierellales;f__Peptostreptococcaceae;g__uncultured	40.0	4.0	32.0	0.0	444.0	44.0	20.0	28.0	204.0	36.0	20.0	0.0	20.0	60.0	104.0	4.0	16.0	0.0	32.0	4.0	0.0	28.0	36.0	140.0
d__Bacteria;p__Firmicutes;c__Bacilli;o__Erysipelotrichales;f__Erysipelotrichaceae;g__Dubosiella	0.0	0.0	0.0	0.0	0.0	0.0	0.0	0.0	0.0	0.0	0.0	20.0	0.0	0.0	0.0	0.0	0.0	0.0	0.0	0.0	0.0	0.0	0.0	0.0
d__Bacteria;p__Firmicutes;c__Clostridia;o__Peptostreptococcales-Tissierellales;f__Anaerovoracaceae;__	0.0	64.0	0.0	4.0	20.0	0.0	16.0	0.0	24.0	44.0	0.0	0.0	0.0	0.0	0.0	4.0	16.0	8.0	0.0	0.0	0.0	8.0	4.0	0.0
d__Bacteria;p__Firmicutes;c__Clostridia;o__Oscillospirales;f__Ethanoligenenaceae;g__Acetanaerobacterium	0.0	8.0	4.0	0.0	0.0	0.0	0.0	0.0	0.0	8.0	0.0	0.0	0.0	0.0	0.0	0.0	0.0	0.0	0.0	0.0	0.0	0.0	0.0	0.0
d__Bacteria;p__Firmicutes;c__Bacilli;o__Lactobacillales;__;__	16.0	252.0	108.0	12.0	192.0	100.0	136.0	0.0	52.0	140.0	0.0	0.0	12.0	0.0	16.0	32.0	8.0	12.0	0.0	0.0	8.0	0.0	4.0	100.0
d__Bacteria;p__Firmicutes;c__Bacilli;o__Bacillales;__;__	0.0	0.0	0.0	0.0	676.0	0.0	156.0	0.0	0.0	0.0	0.0	0.0	0.0	0.0	0.0	0.0	0.0	0.0	0.0	0.0	0.0	0.0	0.0	0.0
d__Bacteria;p__Actinobacteriota;c__Coriobacteriia;o__Coriobacteriales;f__Eggerthellaceae;g__Cryptobacterium	0.0	0.0	0.0	0.0	0.0	0.0	0.0	0.0	4.0	12.0	0.0	0.0	0.0	0.0	0.0	0.0	0.0	0.0	0.0	0.0	0.0	0.0	0.0	0.0
d__Bacteria;p__Actinobacteriota;c__Actinobacteria;o__Propionibacteriales;f__Propionibacteriaceae;g__Pseudopropionibacterium	0.0	0.0	0.0	0.0	8.0	0.0	0.0	0.0	0.0	8.0	0.0	0.0	0.0	8.0	0.0	0.0	0.0	0.0	0.0	8.0	0.0	0.0	0.0	0.0
d__Bacteria;p__Patescibacteria;c__Parcubacteria;o__Candidatus_Adlerbacteria;f__Candidatus_Adlerbacteria;g__Candidatus_Adlerbacteria	8.0	8.0	0.0	0.0	0.0	0.0	0.0	0.0	0.0	0.0	8.0	8.0	0.0	0.0	0.0	0.0	0.0	4.0	0.0	0.0	4.0	0.0	0.0	8.0
d__Bacteria;p__Actinobacteriota;c__Coriobacteriia;o__Coriobacteriales;f__Eggerthellaceae;g__DNF00809	0.0	0.0	0.0	0.0	0.0	0.0	0.0	0.0	0.0	0.0	0.0	16.0	0.0	0.0	0.0	0.0	0.0	0.0	0.0	0.0	0.0	0.0	0.0	0.0
d__Bacteria;p__Verrucomicrobiota;c__Chlamydiae;o__Chlamydiales;f__Simkaniaceae;g__uncultured	0.0	0.0	0.0	0.0	0.0	0.0	0.0	0.0	0.0	0.0	0.0	16.0	0.0	0.0	0.0	0.0	0.0	0.0	0.0	0.0	4.0	0.0	0.0	0.0
d__Bacteria;p__Bacteroidota;c__Bacteroidia;o__Bacteroidales;f__Prevotellaceae;g__Prevotellaceae_UCG-001	0.0	0.0	0.0	0.0	0.0	0.0	0.0	0.0	0.0	0.0	0.0	8.0	0.0	0.0	0.0	0.0	0.0	0.0	8.0	0.0	0.0	0.0	0.0	0.0
d__Bacteria;p__Proteobacteria;c__Gammaproteobacteria;o__Enterobacterales;f__Enterobacteriaceae;g__Klebsiella	0.0	0.0	0.0	0.0	0.0	0.0	0.0	0.0	0.0	0.0	0.0	0.0	16.0	0.0	0.0	0.0	0.0	0.0	0.0	0.0	0.0	0.0	0.0	0.0
d__Bacteria;p__Desulfobacterota;c__Desulfovibrionia;o__Desulfovibrionales;f__Desulfovibrionaceae;g__uncultured	0.0	12.0	0.0	0.0	0.0	0.0	0.0	0.0	0.0	0.0	0.0	0.0	4.0	0.0	0.0	0.0	0.0	0.0	12.0	0.0	0.0	0.0	0.0	0.0
d__Bacteria;p__Firmicutes;c__Clostridia;o__Oscillospirales;f__Oscillospiraceae;g__Pseudoflavonifractor	0.0	0.0	0.0	0.0	0.0	0.0	0.0	0.0	0.0	0.0	0.0	0.0	0.0	0.0	0.0	0.0	16.0	0.0	0.0	0.0	0.0	0.0	0.0	0.0
d__Bacteria;p__Firmicutes;c__Clostridia;o__Lachnospirales;f__Lachnospiraceae;g__Catenibacillus	0.0	0.0	0.0	0.0	0.0	0.0	0.0	4.0	0.0	24.0	0.0	4.0	0.0	0.0	0.0	0.0	0.0	16.0	0.0	0.0	0.0	0.0	0.0	0.0
d__Bacteria;p__Firmicutes;c__Clostridia;o__Lachnospirales;f__Lachnospiraceae;g__[Eubacterium]_oxidoreducens_group	8.0	384.0	12.0	0.0	128.0	0.0	24.0	0.0	36.0	24.0	16.0	0.0	8.0	0.0	4.0	0.0	72.0	0.0	0.0	0.0	0.0	0.0	0.0	16.0
d__Bacteria;p__Firmicutes;c__Clostridia;o__Lachnospirales;f__Lachnospiraceae;g__Oribacterium	4.0	12.0	0.0	0.0	0.0	0.0	0.0	0.0	0.0	0.0	0.0	0.0	0.0	0.0	0.0	0.0	0.0	0.0	0.0	0.0	0.0	0.0	4.0	0.0
d__Bacteria;p__Firmicutes;c__Bacilli;o__Lactobacillales;f__Lactobacillaceae;__	4.0	12.0	24.0	0.0	0.0	8.0	0.0	0.0	32.0	4.0	0.0	0.0	0.0	0.0	0.0	0.0	0.0	0.0	0.0	0.0	0.0	4.0	0.0	8.0
d__Bacteria;p__Firmicutes;c__Clostridia;o__Oscillospirales;f__Butyricicoccaceae;g__UCG-009	0.0	12.0	0.0	0.0	0.0	0.0	0.0	12.0	0.0	4.0	0.0	0.0	0.0	0.0	0.0	0.0	20.0	0.0	8.0	0.0	0.0	0.0	0.0	8.0
d__Bacteria;p__Actinobacteriota;c__Actinobacteria;o__Actinomycetales;f__Actinomycetaceae;g__uncultured	0.0	0.0	12.0	0.0	0.0	0.0	0.0	0.0	0.0	0.0	0.0	0.0	0.0	0.0	0.0	0.0	0.0	0.0	0.0	0.0	0.0	0.0	0.0	0.0
d__Bacteria;p__Firmicutes;c__Bacilli;o__Lactobacillales;f__Enterococcaceae;__	16.0	44.0	12.0	0.0	44.0	12.0	4.0	0.0	36.0	36.0	0.0	0.0	0.0	0.0	0.0	0.0	8.0	8.0	4.0	0.0	0.0	0.0	0.0	0.0
d__Bacteria;p__Verrucomicrobiota;c__Verrucomicrobiae;o__Opitutales;f__Opitutaceae;g__Lacunisphaera	0.0	0.0	8.0	0.0	0.0	0.0	0.0	0.0	0.0	0.0	0.0	8.0	0.0	0.0	0.0	0.0	0.0	0.0	0.0	0.0	0.0	0.0	0.0	0.0
d__Bacteria;p__Actinobacteriota;c__Actinobacteria;o__Micrococcales;f__Dermatophilaceae;g__uncultured	0.0	0.0	0.0	0.0	32.0	0.0	0.0	0.0	0.0	0.0	0.0	0.0	0.0	0.0	0.0	0.0	0.0	0.0	0.0	0.0	0.0	0.0	0.0	0.0
d__Bacteria;p__Firmicutes;c__Clostridia;o__Oscillospirales;f__Ruminococcaceae;g__Ruminococcaceae	0.0	12.0	0.0	0.0	20.0	0.0	0.0	0.0	0.0	0.0	0.0	0.0	8.0	0.0	0.0	0.0	24.0	0.0	0.0	0.0	0.0	0.0	0.0	0.0
d__Bacteria;p__Firmicutes;c__Bacilli;o__Erysipelotrichales;__;__	0.0	0.0	0.0	0.0	12.0	0.0	0.0	12.0	0.0	0.0	8.0	0.0	0.0	4.0	0.0	0.0	0.0	0.0	0.0	0.0	0.0	0.0	0.0	0.0
d__Bacteria;p__Firmicutes;c__Clostridia;o__Peptostreptococcales-Tissierellales;f__Peptostreptococcaceae;g__Peptostreptococcaceae	4.0	0.0	8.0	0.0	52.0	0.0	4.0	0.0	96.0	8.0	8.0	0.0	0.0	12.0	8.0	0.0	0.0	4.0	8.0	12.0	0.0	8.0	0.0	92.0
d__Bacteria;p__Firmicutes;c__Bacilli;o__Bacillales;f__Planococcaceae;g__uncultured	0.0	0.0	0.0	0.0	24.0	0.0	0.0	0.0	0.0	0.0	0.0	0.0	0.0	0.0	0.0	0.0	0.0	0.0	0.0	0.0	0.0	0.0	0.0	0.0
d__Bacteria;p__Firmicutes;c__Clostridia;o__Peptostreptococcales-Tissierellales;f__Anaerovoracaceae;g__S5-A14a	0.0	0.0	0.0	0.0	4.0	0.0	0.0	0.0	0.0	12.0	0.0	0.0	0.0	0.0	0.0	0.0	0.0	0.0	0.0	0.0	0.0	0.0	0.0	4.0
d__Bacteria;p__Proteobacteria;c__Gammaproteobacteria;o__Enterobacterales;f__Morganellaceae;g__Proteus	0.0	0.0	0.0	0.0	0.0	12.0	0.0	0.0	0.0	0.0	0.0	0.0	0.0	0.0	0.0	0.0	0.0	0.0	0.0	0.0	0.0	0.0	0.0	0.0
d__Bacteria;p__Proteobacteria;c__Gammaproteobacteria;o__Enterobacterales;__;__	0.0	0.0	0.0	4.0	4.0	40.0	0.0	0.0	0.0	0.0	8.0	0.0	0.0	0.0	0.0	0.0	0.0	4.0	0.0	0.0	12.0	0.0	4.0	4.0
d__Bacteria;p__Firmicutes;c__Clostridia;o__Clostridiales;f__Clostridiaceae;__	0.0	4.0	8.0	0.0	16.0	4.0	0.0	0.0	24.0	0.0	0.0	0.0	0.0	0.0	0.0	0.0	16.0	0.0	0.0	0.0	0.0	0.0	0.0	12.0
d__Bacteria;p__Actinobacteriota;__;__;__;__	4.0	4.0	8.0	0.0	16.0	0.0	0.0	0.0	40.0	20.0	8.0	0.0	0.0	0.0	0.0	0.0	0.0	0.0	0.0	0.0	0.0	0.0	0.0	0.0
d__Bacteria;p__Firmicutes;c__Clostridia;o__Peptostreptococcales-Tissierellales;__;__	4.0	4.0	8.0	0.0	80.0	16.0	0.0	0.0	88.0	0.0	0.0	0.0	4.0	32.0	12.0	0.0	4.0	0.0	12.0	0.0	0.0	12.0	0.0	80.0
d__Bacteria;p__Actinobacteriota;c__Coriobacteriia;o__Coriobacteriales;f__Eggerthellaceae;g__Asaccharobacter	0.0	12.0	4.0	0.0	0.0	0.0	0.0	0.0	28.0	20.0	48.0	0.0	0.0	0.0	4.0	0.0	12.0	0.0	0.0	0.0	0.0	0.0	0.0	0.0
d__Bacteria;p__Firmicutes;c__Clostridia;o__Peptostreptococcales-Tissierellales;f__Peptostreptococcales-Tissierellales;__	0.0	0.0	0.0	0.0	36.0	0.0	0.0	0.0	20.0	0.0	0.0	0.0	0.0	8.0	16.0	12.0	0.0	0.0	4.0	0.0	0.0	0.0	0.0	0.0
d__Bacteria;p__Proteobacteria;c__Alphaproteobacteria;o__Sphingomonadales;f__Sphingomonadaceae;g__Sphingomonas	0.0	0.0	0.0	0.0	0.0	0.0	0.0	0.0	0.0	0.0	8.0	0.0	0.0	0.0	0.0	0.0	0.0	0.0	0.0	0.0	0.0	0.0	0.0	4.0
d__Bacteria;p__Firmicutes;c__Negativicutes;o__Veillonellales-Selenomonadales;f__Veillonellaceae;g__Allisonella	0.0	0.0	0.0	0.0	0.0	0.0	0.0	0.0	0.0	0.0	4.0	12.0	0.0	0.0	0.0	0.0	0.0	0.0	0.0	0.0	0.0	0.0	0.0	0.0
d__Bacteria;p__Proteobacteria;c__Gammaproteobacteria;o__Burkholderiales;f__Oxalobacteraceae;__	0.0	0.0	4.0	0.0	16.0	0.0	0.0	0.0	0.0	0.0	0.0	0.0	12.0	0.0	0.0	0.0	0.0	0.0	0.0	0.0	0.0	0.0	0.0	0.0
d__Bacteria;p__Acidobacteriota;c__Acidobacteriae;o__Subgroup_2;f__Subgroup_2;g__Subgroup_2	0.0	0.0	0.0	0.0	0.0	0.0	0.0	0.0	0.0	0.0	0.0	0.0	0.0	8.0	0.0	0.0	0.0	0.0	0.0	0.0	4.0	0.0	0.0	0.0
d__Bacteria;p__Firmicutes;c__Moorellia;o__Desulfitibacterales;f__Desulfitibacteraceae;g__Desulfitibacter	0.0	0.0	0.0	0.0	0.0	0.0	0.0	0.0	0.0	0.0	0.0	0.0	0.0	0.0	0.0	0.0	12.0	0.0	0.0	0.0	0.0	0.0	0.0	0.0
d__Bacteria;p__Proteobacteria;c__Gammaproteobacteria;o__Pseudomonadales;f__Pseudomonadaceae;g__Pseudomonas	0.0	8.0	0.0	0.0	0.0	0.0	0.0	0.0	0.0	0.0	0.0	0.0	0.0	0.0	0.0	0.0	12.0	0.0	0.0	4.0	0.0	0.0	0.0	0.0
d__Bacteria;p__Proteobacteria;c__Alphaproteobacteria;o__Rickettsiales;f__Mitochondria;g__Mitochondria	0.0	0.0	0.0	4.0	0.0	0.0	0.0	0.0	0.0	4.0	4.0	0.0	0.0	0.0	0.0	0.0	0.0	0.0	0.0	12.0	0.0	0.0	0.0	8.0
d__Bacteria;p__Proteobacteria;c__Gammaproteobacteria;o__Xanthomonadales;f__Rhodanobacteraceae;g__Frateuria	0.0	0.0	0.0	0.0	0.0	0.0	0.0	0.0	0.0	0.0	0.0	0.0	0.0	0.0	0.0	0.0	0.0	0.0	0.0	0.0	0.0	0.0	0.0	12.0
d__Bacteria;p__Firmicutes;c__Clostridia;o__Oscillospirales;f__Ruminococcaceae;g__Harryflintia	0.0	0.0	0.0	0.0	0.0	0.0	0.0	0.0	0.0	0.0	0.0	0.0	0.0	0.0	0.0	0.0	4.0	0.0	0.0	0.0	0.0	0.0	0.0	12.0
d__Bacteria;p__Firmicutes;c__Clostridia;o__Oscillospirales;f__Ruminococcaceae;g__Caproiciproducens	0.0	0.0	0.0	0.0	0.0	0.0	0.0	0.0	0.0	0.0	0.0	0.0	0.0	0.0	0.0	0.0	0.0	0.0	0.0	0.0	0.0	0.0	0.0	12.0
d__Bacteria;p__Proteobacteria;c__Gammaproteobacteria;o__Burkholderiales;__;__	4.0	8.0	0.0	0.0	0.0	0.0	0.0	0.0	4.0	0.0	4.0	0.0	0.0	0.0	0.0	4.0	0.0	0.0	0.0	0.0	0.0	0.0	0.0	24.0
d__Bacteria;p__Actinobacteriota;c__Actinobacteria;o__Bifidobacteriales;f__Bifidobacteriaceae;g__Aeriscardovia	8.0	0.0	0.0	0.0	0.0	0.0	0.0	0.0	0.0	0.0	0.0	0.0	0.0	0.0	0.0	4.0	0.0	0.0	0.0	0.0	0.0	0.0	0.0	0.0
d__Bacteria;p__Actinobacteriota;c__Coriobacteriia;__;__;__	0.0	4.0	8.0	0.0	4.0	0.0	0.0	0.0	0.0	4.0	0.0	0.0	0.0	0.0	0.0	0.0	0.0	0.0	0.0	0.0	0.0	0.0	0.0	0.0
d__Bacteria;p__Bdellovibrionota;c__Oligoflexia;o__0319-6G20;f__0319-6G20;g__0319-6G20	0.0	0.0	4.0	0.0	0.0	0.0	0.0	0.0	0.0	0.0	0.0	0.0	0.0	0.0	0.0	0.0	0.0	0.0	0.0	0.0	4.0	0.0	0.0	4.0
d__Bacteria;p__Firmicutes;c__Clostridia;o__Peptostreptococcales-Tissierellales;f__Peptostreptococcales-Tissierellales;g__Gallicola	0.0	0.0	0.0	8.0	0.0	0.0	0.0	0.0	0.0	0.0	0.0	0.0	0.0	0.0	0.0	0.0	0.0	0.0	0.0	0.0	0.0	0.0	0.0	0.0
d__Bacteria;p__Proteobacteria;c__Gammaproteobacteria;o__Xanthomonadales;f__Rhodanobacteraceae;__	0.0	0.0	0.0	8.0	4.0	0.0	0.0	0.0	0.0	4.0	0.0	0.0	0.0	0.0	0.0	0.0	0.0	0.0	0.0	0.0	0.0	0.0	0.0	0.0
d__Bacteria;p__Proteobacteria;c__Alphaproteobacteria;o__Sphingomonadales;f__Sphingomonadaceae;g__Novosphingobium	0.0	0.0	0.0	4.0	0.0	0.0	0.0	0.0	0.0	0.0	4.0	0.0	0.0	0.0	0.0	0.0	0.0	0.0	0.0	0.0	0.0	4.0	4.0	0.0
d__Bacteria;p__Actinobacteriota;c__Actinobacteria;o__Corynebacteriales;f__Nocardiaceae;__	0.0	0.0	0.0	0.0	12.0	0.0	0.0	0.0	0.0	0.0	0.0	0.0	0.0	0.0	0.0	0.0	0.0	0.0	0.0	0.0	0.0	0.0	0.0	0.0
d__Bacteria;p__Actinobacteriota;c__Actinobacteria;o__Corynebacteriales;__;__	0.0	0.0	0.0	0.0	8.0	0.0	0.0	0.0	0.0	0.0	0.0	0.0	0.0	0.0	0.0	0.0	0.0	0.0	0.0	0.0	0.0	0.0	0.0	0.0
d__Bacteria;p__Actinobacteriota;c__Actinobacteria;o__Bifidobacteriales;f__Bifidobacteriaceae;__	4.0	0.0	0.0	0.0	20.0	0.0	0.0	0.0	0.0	0.0	0.0	0.0	0.0	0.0	0.0	0.0	0.0	0.0	0.0	0.0	0.0	0.0	0.0	0.0
d__Bacteria;p__Firmicutes;c__Bacilli;o__Bacillales;f__Bacillaceae;__	0.0	0.0	0.0	0.0	44.0	4.0	16.0	0.0	0.0	0.0	0.0	0.0	0.0	0.0	0.0	0.0	0.0	0.0	0.0	0.0	0.0	0.0	0.0	0.0
d__Bacteria;p__Actinobacteriota;c__Actinobacteria;__;__;__	0.0	0.0	0.0	0.0	28.0	0.0	0.0	0.0	0.0	4.0	0.0	0.0	0.0	0.0	0.0	0.0	4.0	0.0	0.0	0.0	4.0	0.0	0.0	0.0
d__Bacteria;p__Firmicutes;c__Bacilli;o__Bacillales;f__Planococcaceae;g__Paenisporosarcina	0.0	0.0	0.0	0.0	12.0	0.0	8.0	0.0	0.0	0.0	0.0	0.0	0.0	0.0	0.0	0.0	0.0	0.0	0.0	0.0	0.0	0.0	0.0	0.0
d__Bacteria;p__Firmicutes;c__Clostridia;o__Peptostreptococcales-Tissierellales;f__Peptostreptococcales-Tissierellales;g__Alkaliphilus	0.0	0.0	0.0	0.0	8.0	0.0	0.0	0.0	0.0	0.0	0.0	0.0	0.0	0.0	0.0	0.0	0.0	0.0	0.0	0.0	0.0	0.0	0.0	0.0
d__Bacteria;p__Firmicutes;c__Clostridia;o__Peptostreptococcales-Tissierellales;f__Anaerovoracaceae;g__uncultured	0.0	0.0	0.0	0.0	0.0	8.0	0.0	0.0	0.0	0.0	0.0	0.0	0.0	0.0	0.0	0.0	0.0	0.0	0.0	0.0	0.0	0.0	0.0	0.0
d__Bacteria;p__Proteobacteria;c__Gammaproteobacteria;o__Burkholderiales;f__Methylophilaceae;g__Methylotenera	0.0	0.0	0.0	0.0	0.0	8.0	0.0	0.0	0.0	0.0	0.0	0.0	0.0	0.0	0.0	0.0	0.0	0.0	0.0	0.0	0.0	0.0	0.0	0.0
d__Bacteria;p__Proteobacteria;c__Alphaproteobacteria;o__Caulobacterales;f__Caulobacteraceae;g__Caulobacter	4.0	0.0	0.0	0.0	0.0	0.0	0.0	8.0	0.0	0.0	0.0	0.0	0.0	0.0	4.0	0.0	0.0	0.0	0.0	0.0	0.0	0.0	0.0	0.0
d__Bacteria;p__Bacteroidota;c__Bacteroidia;o__Bacteroidales;f__Barnesiellaceae;g__uncultured	0.0	0.0	0.0	0.0	0.0	0.0	0.0	0.0	8.0	0.0	0.0	0.0	0.0	0.0	0.0	0.0	0.0	0.0	0.0	0.0	4.0	0.0	0.0	0.0
d__Bacteria;p__Synergistota;c__Synergistia;o__Synergistales;f__Synergistaceae;g__Cloacibacillus	0.0	0.0	0.0	0.0	0.0	0.0	4.0	0.0	0.0	8.0	0.0	0.0	0.0	0.0	0.0	0.0	0.0	0.0	0.0	0.0	0.0	0.0	0.0	0.0
d__Bacteria;p__Actinobacteriota;c__Coriobacteriia;o__Coriobacteriales;__;__	0.0	4.0	0.0	0.0	4.0	0.0	8.0	0.0	0.0	24.0	0.0	0.0	0.0	0.0	4.0	0.0	0.0	0.0	0.0	0.0	0.0	8.0	0.0	8.0
d__Bacteria;p__Firmicutes;c__Clostridia;o__Eubacteriales;f__Eubacteriaceae;__	0.0	0.0	0.0	0.0	0.0	0.0	0.0	0.0	0.0	12.0	0.0	0.0	4.0	0.0	0.0	0.0	4.0	0.0	0.0	0.0	0.0	0.0	0.0	0.0
d__Bacteria;p__Firmicutes;c__Clostridia;o__Eubacteriales;f__Garciellaceae;g__Irregularibacter	4.0	0.0	0.0	0.0	0.0	0.0	0.0	0.0	4.0	8.0	0.0	0.0	0.0	0.0	0.0	0.0	0.0	0.0	0.0	0.0	0.0	0.0	0.0	0.0
d__Bacteria;p__Firmicutes;c__Clostridia;o__Oscillospirales;f__Ruminococcaceae;g__Phocea	0.0	0.0	0.0	0.0	0.0	0.0	0.0	0.0	0.0	0.0	8.0	0.0	0.0	0.0	0.0	4.0	0.0	0.0	0.0	0.0	0.0	0.0	0.0	0.0
d__Bacteria;p__Proteobacteria;c__Alphaproteobacteria;o__Caulobacterales;f__Caulobacteraceae;g__uncultured	0.0	4.0	0.0	0.0	0.0	0.0	0.0	0.0	0.0	0.0	0.0	8.0	0.0	0.0	4.0	0.0	0.0	0.0	0.0	0.0	0.0	0.0	4.0	8.0
d__Bacteria;p__Proteobacteria;c__Gammaproteobacteria;o__Burkholderiales;f__Comamonadaceae;g__Comamonas	0.0	0.0	0.0	0.0	0.0	0.0	0.0	4.0	0.0	0.0	0.0	8.0	0.0	0.0	0.0	0.0	0.0	0.0	0.0	0.0	0.0	0.0	0.0	0.0
d__Bacteria;p__Dependentiae;c__Babeliae;o__Babeliales;__;__	0.0	0.0	0.0	0.0	0.0	0.0	0.0	0.0	0.0	0.0	0.0	8.0	0.0	0.0	0.0	0.0	0.0	0.0	0.0	0.0	0.0	0.0	0.0	0.0
d__Bacteria;p__Proteobacteria;c__Alphaproteobacteria;o__uncultured;f__uncultured;g__uncultured	0.0	0.0	0.0	0.0	0.0	0.0	0.0	0.0	0.0	0.0	0.0	8.0	0.0	0.0	0.0	0.0	0.0	0.0	0.0	0.0	0.0	0.0	0.0	0.0
d__Bacteria;p__Proteobacteria;c__Gammaproteobacteria;o__Legionellales;f__Legionellaceae;g__Legionella	0.0	0.0	0.0	4.0	0.0	0.0	0.0	0.0	0.0	0.0	0.0	20.0	0.0	0.0	0.0	0.0	0.0	0.0	0.0	0.0	0.0	0.0	0.0	0.0
d__Bacteria;p__Bacteroidota;c__Bacteroidia;o__Chitinophagales;f__Chitinophagaceae;g__Hydrotalea	0.0	0.0	0.0	0.0	0.0	0.0	0.0	0.0	0.0	0.0	0.0	8.0	0.0	0.0	0.0	0.0	0.0	0.0	0.0	0.0	0.0	0.0	0.0	0.0
d__Bacteria;p__Firmicutes;c__Bacilli;o__Erysipelotrichales;f__Erysipelotrichaceae;g__Allobaculum	0.0	0.0	0.0	0.0	0.0	0.0	0.0	0.0	0.0	0.0	0.0	8.0	0.0	0.0	0.0	0.0	0.0	0.0	0.0	0.0	0.0	0.0	0.0	0.0
d__Bacteria;p__Proteobacteria;c__Gammaproteobacteria;o__Beggiatoales;f__Beggiatoaceae;g__uncultured	0.0	0.0	0.0	0.0	0.0	0.0	0.0	0.0	0.0	0.0	0.0	8.0	0.0	0.0	0.0	0.0	0.0	0.0	0.0	4.0	0.0	0.0	0.0	0.0
d__Bacteria;p__Bacteroidota;c__Bacteroidia;o__Chitinophagales;f__Chitinophagaceae;g__Puia	0.0	0.0	0.0	0.0	0.0	0.0	0.0	0.0	0.0	0.0	0.0	4.0	0.0	8.0	0.0	0.0	0.0	0.0	0.0	0.0	0.0	0.0	0.0	0.0
d__Bacteria;p__Proteobacteria;c__Alphaproteobacteria;o__Rhodobacterales;f__Rhodobacteraceae;__	0.0	0.0	0.0	0.0	0.0	0.0	0.0	0.0	0.0	0.0	0.0	0.0	0.0	8.0	0.0	0.0	0.0	0.0	0.0	0.0	0.0	0.0	0.0	0.0
d__Bacteria;p__Actinobacteriota;c__Actinobacteria;o__Micrococcales;f__Micrococcaceae;g__Kocuria	0.0	0.0	0.0	0.0	0.0	0.0	0.0	0.0	0.0	0.0	0.0	0.0	0.0	0.0	0.0	8.0	0.0	0.0	0.0	0.0	0.0	0.0	0.0	0.0
d__Bacteria;p__Firmicutes;c__Clostridia;o__Clostridia;f__Hungateiclostridiaceae;__	0.0	0.0	0.0	0.0	0.0	0.0	0.0	0.0	0.0	0.0	0.0	0.0	0.0	0.0	0.0	0.0	20.0	0.0	0.0	0.0	0.0	0.0	0.0	0.0
d__Bacteria;p__Firmicutes;c__Clostridia;o__Oscillospirales;f__Oscillospiraceae;g__Oscillospiraceae	0.0	0.0	0.0	0.0	0.0	0.0	4.0	0.0	0.0	0.0	0.0	0.0	0.0	0.0	0.0	0.0	8.0	0.0	0.0	0.0	0.0	0.0	0.0	0.0
d__Bacteria;p__Firmicutes;c__Syntrophomonadia;o__Syntrophomonadales;f__Syntrophomonadaceae;g__Syntrophomonas	0.0	0.0	0.0	0.0	0.0	0.0	0.0	0.0	0.0	0.0	0.0	0.0	0.0	0.0	0.0	0.0	8.0	0.0	0.0	0.0	0.0	0.0	0.0	0.0
d__Bacteria;p__Actinobacteriota;c__Coriobacteriia;o__Coriobacteriales;f__Eggerthellaceae;g__Parvibacter	0.0	0.0	0.0	0.0	0.0	0.0	0.0	0.0	0.0	0.0	0.0	0.0	0.0	0.0	0.0	0.0	8.0	0.0	0.0	0.0	0.0	0.0	0.0	0.0
d__Bacteria;p__Bacteroidota;c__Bacteroidia;o__Bacteroidales;__;__	0.0	8.0	0.0	0.0	0.0	0.0	0.0	0.0	0.0	0.0	0.0	0.0	0.0	0.0	0.0	0.0	8.0	0.0	0.0	0.0	0.0	0.0	0.0	0.0
d__Bacteria;p__Firmicutes;c__Clostridia;o__Christensenellales;f__Christensenellaceae;g__Catabacter	0.0	4.0	0.0	0.0	0.0	0.0	0.0	0.0	0.0	4.0	0.0	0.0	0.0	0.0	0.0	0.0	8.0	0.0	0.0	0.0	0.0	0.0	0.0	0.0
d__Bacteria;p__Firmicutes;c__Clostridia;o__Lachnospirales;f__Lachnospiraceae;g__A2	0.0	0.0	0.0	0.0	0.0	0.0	0.0	0.0	0.0	0.0	0.0	0.0	0.0	0.0	0.0	0.0	0.0	0.0	8.0	0.0	0.0	0.0	0.0	0.0
d__Bacteria;p__Actinobacteriota;c__Actinobacteria;o__Propionibacteriales;f__Nocardioidaceae;g__Aeromicrobium	0.0	0.0	0.0	0.0	0.0	0.0	0.0	0.0	0.0	0.0	0.0	0.0	0.0	0.0	0.0	0.0	0.0	0.0	0.0	8.0	0.0	0.0	0.0	0.0
d__Bacteria;p__Firmicutes;c__Clostridia;o__Peptostreptococcales-Tissierellales;f__Peptostreptococcaceae;g__Clostridioides	0.0	0.0	0.0	0.0	4.0	0.0	0.0	0.0	0.0	0.0	0.0	0.0	0.0	0.0	0.0	0.0	0.0	0.0	0.0	0.0	0.0	0.0	0.0	8.0
d__Bacteria;p__Firmicutes;c__Clostridia;o__Peptostreptococcales-Tissierellales;f__Sedimentibacteraceae;g__Sedimentibacter	0.0	0.0	0.0	0.0	0.0	0.0	0.0	0.0	0.0	0.0	0.0	0.0	0.0	0.0	0.0	0.0	0.0	0.0	0.0	0.0	0.0	0.0	0.0	8.0
d__Bacteria;p__Firmicutes;c__Negativicutes;o__Veillonellales-Selenomonadales;f__Veillonellaceae;__	4.0	4.0	0.0	0.0	0.0	0.0	0.0	0.0	0.0	0.0	4.0	0.0	0.0	0.0	0.0	4.0	0.0	4.0	0.0	0.0	0.0	0.0	0.0	0.0
d__Bacteria;p__Proteobacteria;c__Gammaproteobacteria;o__Diplorickettsiales;f__Diplorickettsiaceae;g__uncultured	4.0	0.0	4.0	0.0	0.0	0.0	0.0	0.0	0.0	0.0	0.0	0.0	0.0	0.0	0.0	0.0	0.0	0.0	0.0	0.0	0.0	0.0	0.0	0.0
d__Bacteria;p__Actinobacteriota;c__Coriobacteriia;o__Coriobacteriales;f__Coriobacteriales_Incertae_Sedis;__	0.0	8.0	0.0	0.0	0.0	0.0	0.0	0.0	0.0	0.0	0.0	0.0	0.0	0.0	0.0	0.0	0.0	0.0	0.0	0.0	0.0	0.0	0.0	0.0
d__Bacteria;p__Firmicutes;c__Clostridia;o__Peptostreptococcales-Tissierellales;f__Thermotaleaceae;__	0.0	4.0	0.0	0.0	0.0	0.0	0.0	0.0	0.0	0.0	0.0	0.0	0.0	0.0	0.0	0.0	0.0	0.0	0.0	0.0	0.0	0.0	0.0	0.0
d__Bacteria;p__Actinobacteriota;c__Actinobacteria;o__Micrococcales;f__Micrococcaceae;g__Rothia	0.0	0.0	4.0	0.0	0.0	0.0	0.0	0.0	0.0	0.0	0.0	0.0	0.0	8.0	0.0	0.0	0.0	0.0	0.0	0.0	0.0	0.0	0.0	0.0
d__Bacteria;p__Bacteroidota;c__Bacteroidia;o__Chitinophagales;f__Chitinophagaceae;g__Terrimonas	0.0	0.0	4.0	0.0	0.0	0.0	0.0	0.0	0.0	0.0	0.0	0.0	0.0	0.0	0.0	0.0	0.0	0.0	0.0	0.0	0.0	0.0	0.0	0.0
d__Bacteria;p__Patescibacteria;c__Saccharimonadia;o__Saccharimonadales;f__Saccharimonadales;g__Saccharimonadales	0.0	0.0	4.0	0.0	0.0	0.0	4.0	0.0	0.0	0.0	0.0	0.0	4.0	0.0	0.0	0.0	0.0	0.0	0.0	0.0	0.0	0.0	0.0	0.0
d__Bacteria;p__Verrucomicrobiota;c__Chlamydiae;o__Chlamydiales;f__cvE6;g__cvE6	0.0	0.0	0.0	4.0	0.0	0.0	0.0	0.0	0.0	0.0	0.0	0.0	0.0	0.0	0.0	0.0	0.0	0.0	0.0	0.0	0.0	0.0	0.0	0.0
d__Bacteria;p__Proteobacteria;c__Alphaproteobacteria;o__Rhizobiales;f__Xanthobacteraceae;g__Afipia	0.0	0.0	0.0	4.0	0.0	0.0	0.0	0.0	0.0	0.0	0.0	0.0	0.0	0.0	0.0	0.0	0.0	0.0	0.0	0.0	0.0	0.0	0.0	0.0
d__Bacteria;p__Firmicutes;c__Bacilli;o__Lactobacillales;f__Aerococcaceae;g__Facklamia	0.0	0.0	0.0	4.0	0.0	0.0	0.0	0.0	0.0	0.0	0.0	0.0	0.0	0.0	0.0	0.0	0.0	0.0	0.0	0.0	0.0	0.0	0.0	0.0
d__Bacteria;p__Deinococcota;c__Deinococci;o__Thermales;f__Thermaceae;g__Thermus	0.0	0.0	0.0	4.0	0.0	0.0	0.0	0.0	0.0	0.0	0.0	0.0	0.0	0.0	0.0	0.0	0.0	0.0	0.0	0.0	0.0	0.0	0.0	0.0
d__Bacteria;p__Patescibacteria;c__Saccharimonadia;o__Saccharimonadales;f__Saccharimonadaceae;g__Saccharimonadaceae	0.0	0.0	0.0	4.0	0.0	0.0	0.0	0.0	4.0	0.0	0.0	0.0	0.0	0.0	0.0	0.0	0.0	0.0	0.0	0.0	0.0	0.0	0.0	0.0
d__Bacteria;p__Firmicutes;c__Clostridia;o__Peptostreptococcales-Tissierellales;f__Peptostreptococcales-Tissierellales;g__W5053	0.0	0.0	0.0	4.0	0.0	0.0	0.0	0.0	0.0	0.0	0.0	0.0	0.0	0.0	0.0	0.0	0.0	0.0	0.0	0.0	0.0	0.0	0.0	0.0
d__Bacteria;p__Firmicutes;c__Bacilli;o__Lactobacillales;f__Streptococcaceae;__	0.0	0.0	0.0	0.0	4.0	4.0	0.0	0.0	0.0	4.0	0.0	0.0	0.0	0.0	0.0	0.0	0.0	0.0	0.0	0.0	0.0	0.0	0.0	0.0
d__Bacteria;p__Firmicutes;c__Negativicutes;o__Acidaminococcales;f__Acidaminococcaceae;__	0.0	0.0	0.0	0.0	8.0	0.0	0.0	0.0	0.0	0.0	0.0	0.0	0.0	0.0	0.0	0.0	0.0	0.0	0.0	0.0	0.0	0.0	0.0	0.0
d__Bacteria;p__Firmicutes;c__Clostridia;o__Peptostreptococcales-Tissierellales;f__Peptostreptococcaceae;g__Paraclostridium	0.0	0.0	0.0	0.0	8.0	0.0	0.0	0.0	0.0	0.0	0.0	0.0	0.0	4.0	0.0	0.0	0.0	0.0	0.0	0.0	0.0	0.0	0.0	0.0
d__Bacteria;p__Firmicutes;c__Clostridia;o__MAT-CR-H4-C10;f__MAT-CR-H4-C10;g__MAT-CR-H4-C10	0.0	0.0	0.0	0.0	4.0	0.0	0.0	0.0	0.0	0.0	0.0	0.0	0.0	0.0	0.0	0.0	0.0	0.0	0.0	0.0	0.0	0.0	0.0	0.0
d__Bacteria;p__Actinobacteriota;c__Actinobacteria;o__Micrococcales;f__Microbacteriaceae;g__Agromyces	0.0	0.0	0.0	0.0	4.0	0.0	0.0	0.0	0.0	0.0	0.0	0.0	0.0	0.0	0.0	0.0	0.0	0.0	0.0	0.0	0.0	0.0	0.0	0.0
d__Bacteria;p__Firmicutes;c__Clostridia;o__Lachnospirales;__;__	0.0	0.0	0.0	0.0	4.0	0.0	0.0	0.0	0.0	0.0	0.0	0.0	0.0	0.0	0.0	0.0	4.0	0.0	0.0	0.0	0.0	0.0	0.0	0.0
d__Bacteria;p__Firmicutes;c__Clostridia;o__Peptostreptococcales-Tissierellales;f__GoM-GC232-4463-Bac1;g__GoM-GC232-4463-Bac1	0.0	0.0	0.0	0.0	4.0	0.0	0.0	0.0	0.0	0.0	0.0	0.0	0.0	0.0	0.0	0.0	0.0	0.0	0.0	0.0	0.0	0.0	0.0	0.0
d__Bacteria;p__Proteobacteria;c__Gammaproteobacteria;o__Burkholderiales;f__Burkholderiaceae;__	0.0	0.0	0.0	0.0	4.0	0.0	0.0	0.0	0.0	0.0	0.0	0.0	0.0	0.0	0.0	0.0	0.0	0.0	0.0	0.0	0.0	0.0	0.0	0.0
d__Bacteria;p__Actinobacteriota;c__Actinobacteria;o__Propionibacteriales;f__Propionibacteriaceae;__	0.0	0.0	0.0	0.0	4.0	0.0	0.0	0.0	0.0	0.0	0.0	0.0	0.0	0.0	0.0	0.0	0.0	0.0	0.0	0.0	0.0	0.0	0.0	0.0
d__Bacteria;p__Firmicutes;c__Bacilli;o__Erysipelotrichales;f__Erysipelotrichaceae;g__Breznakia	0.0	0.0	0.0	0.0	0.0	0.0	4.0	0.0	0.0	0.0	0.0	0.0	0.0	0.0	0.0	0.0	0.0	0.0	0.0	0.0	0.0	0.0	0.0	0.0
d__Bacteria;p__Actinobacteriota;c__Coriobacteriia;o__Coriobacteriales;f__Coriobacteriaceae;__	0.0	0.0	0.0	0.0	0.0	0.0	4.0	8.0	0.0	0.0	0.0	0.0	0.0	0.0	0.0	0.0	0.0	0.0	0.0	0.0	0.0	0.0	0.0	0.0
d__Bacteria;p__Firmicutes;c__Bacilli;o__Lactobacillales;f__P5D1-392;g__P5D1-392	0.0	0.0	0.0	0.0	0.0	0.0	4.0	0.0	0.0	0.0	0.0	0.0	0.0	0.0	0.0	0.0	0.0	0.0	0.0	0.0	0.0	0.0	0.0	4.0
d__Bacteria;p__Actinobacteriota;c__Coriobacteriia;o__Coriobacteriales;f__Atopobiaceae;__	0.0	0.0	0.0	0.0	0.0	0.0	4.0	0.0	0.0	0.0	0.0	0.0	0.0	0.0	0.0	0.0	0.0	0.0	0.0	0.0	0.0	0.0	0.0	0.0
d__Bacteria;p__Firmicutes;c__Bacilli;o__Lactobacillales;f__Carnobacteriaceae;__	0.0	0.0	0.0	0.0	0.0	0.0	4.0	0.0	0.0	0.0	0.0	0.0	0.0	0.0	0.0	0.0	0.0	0.0	0.0	0.0	0.0	0.0	0.0	0.0
d__Bacteria;p__Firmicutes;c__Clostridia;o__Peptostreptococcales-Tissierellales;f__Peptostreptococcales-Tissierellales;g__Tissierella	0.0	0.0	0.0	0.0	0.0	0.0	4.0	0.0	0.0	0.0	0.0	0.0	0.0	0.0	0.0	0.0	0.0	0.0	0.0	0.0	0.0	0.0	0.0	0.0
d__Bacteria;p__Firmicutes;c__Bacilli;o__Erysipelotrichales;f__Erysipelotrichaceae;g__Faecalibaculum	0.0	0.0	0.0	0.0	0.0	0.0	0.0	4.0	0.0	0.0	0.0	0.0	0.0	0.0	0.0	0.0	0.0	0.0	0.0	0.0	0.0	0.0	0.0	0.0
d__Bacteria;p__Firmicutes;c__Clostridia;o__Clostridiales;__;__	0.0	0.0	0.0	0.0	0.0	0.0	0.0	0.0	4.0	0.0	0.0	0.0	4.0	0.0	0.0	0.0	0.0	0.0	0.0	0.0	0.0	0.0	0.0	0.0
d__Bacteria;p__Firmicutes;c__Clostridia;o__Peptostreptococcales-Tissierellales;f__Peptostreptococcaceae;g__Asaccharospora	0.0	0.0	0.0	0.0	0.0	0.0	0.0	0.0	4.0	0.0	0.0	0.0	0.0	0.0	0.0	0.0	0.0	0.0	0.0	0.0	0.0	0.0	0.0	4.0
d__Bacteria;p__Firmicutes;c__Bacilli;o__Acholeplasmatales;f__Acholeplasmataceae;g__Anaeroplasma	0.0	0.0	0.0	0.0	0.0	0.0	0.0	0.0	4.0	0.0	0.0	0.0	0.0	0.0	0.0	0.0	0.0	0.0	0.0	0.0	0.0	0.0	0.0	0.0
d__Bacteria;p__Proteobacteria;c__Alphaproteobacteria;o__Rhizobiales;f__Xanthobacteraceae;g__Pseudolabrys	0.0	0.0	0.0	0.0	0.0	0.0	0.0	0.0	0.0	4.0	0.0	0.0	0.0	0.0	0.0	0.0	0.0	0.0	0.0	0.0	0.0	0.0	0.0	0.0
d__Eukaryota;__;__;__;__;__	0.0	0.0	0.0	0.0	0.0	0.0	0.0	0.0	0.0	4.0	0.0	0.0	0.0	0.0	0.0	0.0	0.0	0.0	0.0	0.0	0.0	0.0	0.0	0.0
d__Bacteria;p__Proteobacteria;c__Gammaproteobacteria;o__Burkholderiales;f__Comamonadaceae;g__Aquabacterium	0.0	0.0	0.0	0.0	0.0	0.0	0.0	0.0	0.0	0.0	4.0	0.0	0.0	0.0	0.0	0.0	0.0	0.0	0.0	0.0	0.0	0.0	0.0	0.0
d__Bacteria;p__Dadabacteria;c__Dadabacteriia;o__Dadabacteriales;f__Dadabacteriales;g__Dadabacteriales	0.0	0.0	0.0	0.0	0.0	0.0	0.0	0.0	0.0	0.0	0.0	4.0	0.0	0.0	0.0	0.0	0.0	0.0	0.0	0.0	0.0	0.0	0.0	0.0
d__Bacteria;p__Campilobacterota;c__Campylobacteria;o__Campylobacterales;f__Helicobacteraceae;g__Helicobacter	0.0	0.0	0.0	0.0	0.0	0.0	0.0	0.0	0.0	0.0	0.0	4.0	0.0	0.0	0.0	0.0	0.0	0.0	0.0	0.0	0.0	0.0	0.0	0.0
d__Bacteria;p__Proteobacteria;c__Gammaproteobacteria;o__Burkholderiales;f__Neisseriaceae;g__Neisseria	0.0	0.0	0.0	0.0	0.0	0.0	0.0	0.0	0.0	0.0	0.0	4.0	4.0	0.0	0.0	0.0	0.0	0.0	0.0	0.0	0.0	0.0	0.0	0.0
d__Bacteria;p__Proteobacteria;c__Alphaproteobacteria;o__Rhizobiales;f__Beijerinckiaceae;g__Bosea	0.0	0.0	0.0	0.0	0.0	0.0	0.0	0.0	0.0	0.0	0.0	4.0	0.0	0.0	0.0	0.0	0.0	0.0	0.0	0.0	0.0	0.0	0.0	0.0
d__Bacteria;p__Proteobacteria;c__Gammaproteobacteria;o__Burkholderiales;f__Comamonadaceae;g__Delftia	0.0	0.0	0.0	0.0	0.0	0.0	0.0	0.0	0.0	0.0	0.0	4.0	0.0	0.0	0.0	0.0	0.0	0.0	0.0	0.0	0.0	0.0	0.0	0.0
d__Bacteria;p__Actinobacteriota;c__Actinobacteria;o__Propionibacteriales;f__Nocardioidaceae;g__Nocardioides	0.0	0.0	0.0	0.0	0.0	0.0	0.0	0.0	0.0	0.0	0.0	4.0	0.0	0.0	0.0	0.0	0.0	0.0	0.0	0.0	0.0	0.0	0.0	0.0
d__Bacteria;p__Firmicutes;c__Clostridia;o__Lachnospirales;f__Lachnospiraceae;g__Lachnoanaerobaculum	0.0	0.0	0.0	0.0	0.0	0.0	0.0	0.0	0.0	0.0	0.0	4.0	0.0	0.0	0.0	0.0	0.0	0.0	0.0	0.0	0.0	0.0	0.0	0.0
d__Bacteria;p__Firmicutes;c__Negativicutes;o__Veillonellales-Selenomonadales;f__Selenomonadaceae;g__Selenomonas	0.0	0.0	0.0	0.0	0.0	0.0	0.0	0.0	0.0	0.0	0.0	0.0	4.0	0.0	0.0	0.0	0.0	0.0	0.0	0.0	0.0	0.0	0.0	0.0
d__Bacteria;p__Firmicutes;c__Negativicutes;o__Veillonellales-Selenomonadales;f__Selenomonadaceae;g__uncultured	0.0	0.0	0.0	0.0	0.0	0.0	0.0	0.0	0.0	0.0	0.0	0.0	0.0	4.0	0.0	0.0	0.0	0.0	0.0	0.0	0.0	0.0	0.0	0.0
d__Bacteria;p__Proteobacteria;c__Alphaproteobacteria;o__Rhodobacterales;f__Rhodobacteraceae;g__Paracoccus	0.0	0.0	0.0	0.0	0.0	0.0	0.0	0.0	0.0	0.0	0.0	0.0	0.0	4.0	0.0	0.0	0.0	0.0	0.0	0.0	0.0	0.0	0.0	0.0
d__Bacteria;p__Proteobacteria;c__Alphaproteobacteria;o__Rhizobiales;f__Beijerinckiaceae;g__uncultured	0.0	0.0	0.0	0.0	0.0	0.0	0.0	0.0	0.0	0.0	0.0	0.0	0.0	4.0	0.0	0.0	0.0	0.0	0.0	0.0	0.0	0.0	0.0	0.0
d__Bacteria;p__Proteobacteria;c__Alphaproteobacteria;o__Rhizobiales;f__Beijerinckiaceae;g__Methylobacterium-Methylorubrum	0.0	0.0	0.0	0.0	0.0	0.0	0.0	0.0	0.0	0.0	0.0	0.0	0.0	0.0	0.0	4.0	0.0	0.0	0.0	0.0	0.0	0.0	0.0	0.0
d__Bacteria;p__Firmicutes;c__Bacilli;o__Lactobacillales;f__Aerococcaceae;g__Bavariicoccus	0.0	0.0	0.0	0.0	0.0	0.0	0.0	0.0	0.0	0.0	0.0	0.0	0.0	0.0	0.0	4.0	0.0	0.0	0.0	0.0	0.0	0.0	0.0	0.0
d__Bacteria;p__Bacteroidota;c__Bacteroidia;o__Bacteroidales;f__Tannerellaceae;__	0.0	0.0	0.0	0.0	0.0	0.0	0.0	0.0	0.0	0.0	0.0	0.0	0.0	0.0	0.0	0.0	8.0	0.0	0.0	0.0	0.0	0.0	0.0	0.0
d__Bacteria;p__Bacteroidota;c__Bacteroidia;o__Bacteroidales;f__Prevotellaceae;__	0.0	0.0	0.0	0.0	0.0	0.0	0.0	0.0	0.0	0.0	0.0	0.0	0.0	0.0	0.0	0.0	4.0	0.0	0.0	0.0	0.0	0.0	0.0	0.0
d__Bacteria;p__Proteobacteria;c__Alphaproteobacteria;o__Sphingomonadales;f__Sphingomonadaceae;g__Sphingobium	0.0	0.0	0.0	0.0	0.0	0.0	0.0	0.0	0.0	0.0	0.0	0.0	0.0	0.0	0.0	0.0	4.0	0.0	0.0	0.0	0.0	0.0	0.0	0.0
d__Bacteria;p__Planctomycetota;c__Planctomycetes;o__Isosphaerales;f__Isosphaeraceae;g__Paludisphaera	0.0	0.0	0.0	0.0	0.0	0.0	0.0	0.0	0.0	0.0	0.0	0.0	0.0	0.0	0.0	0.0	0.0	4.0	0.0	0.0	0.0	0.0	0.0	0.0
d__Bacteria;p__Firmicutes;c__Desulfotomaculia;o__Desulfotomaculales;f__Desulfotomaculales;g__Desulfofarcimen	0.0	0.0	0.0	0.0	0.0	0.0	0.0	0.0	0.0	0.0	0.0	0.0	0.0	0.0	0.0	0.0	0.0	0.0	4.0	0.0	0.0	0.0	0.0	0.0
d__Bacteria;p__Firmicutes;c__Clostridia;o__Clostridia;f__Gracilibacteraceae;g__uncultured	0.0	0.0	0.0	0.0	0.0	0.0	0.0	0.0	0.0	0.0	0.0	0.0	0.0	0.0	0.0	0.0	0.0	0.0	4.0	0.0	0.0	0.0	0.0	0.0
d__Bacteria;p__Firmicutes;c__Bacilli;o__Bacillales;f__Bacillaceae;g__Geobacillus	0.0	0.0	0.0	0.0	0.0	0.0	0.0	0.0	0.0	0.0	0.0	0.0	0.0	0.0	0.0	0.0	0.0	0.0	0.0	0.0	0.0	0.0	0.0	4.0
d__Bacteria;p__Proteobacteria;c__Gammaproteobacteria;o__Pseudomonadales;f__Moraxellaceae;g__Acinetobacter	0.0	0.0	0.0	0.0	0.0	0.0	0.0	0.0	0.0	0.0	0.0	0.0	0.0	0.0	0.0	0.0	0.0	0.0	0.0	0.0	0.0	0.0	0.0	4.0
d__Bacteria;p__Proteobacteria;c__Alphaproteobacteria;o__Dongiales;f__Dongiaceae;g__Dongia	0.0	0.0	0.0	0.0	0.0	0.0	0.0	0.0	0.0	0.0	0.0	0.0	0.0	0.0	0.0	0.0	0.0	0.0	0.0	0.0	0.0	0.0	0.0	4.0
d__Bacteria;p__Proteobacteria;c__Gammaproteobacteria;o__Enterobacterales;f__Yersiniaceae;g__Serratia	0.0	0.0	0.0	0.0	0.0	0.0	0.0	0.0	0.0	0.0	0.0	0.0	0.0	0.0	0.0	0.0	0.0	0.0	0.0	0.0	0.0	0.0	0.0	4.0
d__Bacteria;p__Proteobacteria;c__Gammaproteobacteria;o__Burkholderiales;f__Oxalobacteraceae;g__Noviherbaspirillum	0.0	0.0	0.0	0.0	0.0	0.0	0.0	0.0	0.0	0.0	0.0	0.0	0.0	0.0	0.0	0.0	0.0	0.0	0.0	0.0	0.0	0.0	0.0	4.0